aadhaar_card,aadhaar_number,age,bank_account,caste_certificate,disability,education_status,election_card,full_address,gender,height_cm,hh_id,income,land_ownership,landmark,marital_status,member_count,member_id,name,religion,status_of_women,type_of_house,weight_kg,widow_status,village
"5211685686297551","52116856862975511",1,Arjunbhai Shankarbhai Bariya,,Mangu,Mangu,41,Currently married,male,"Less than 1,20,000",No,kaccha,no_disability,Yes,Yes,Yes,Currently married,,,Yes,,,,Mangu
"5211685686297551","52116856862975512",2,Minaxiben Arjunbhai Bariya,,Mangu,Mangu,33,Currently married,female,"Less than 1,20,000",No,kaccha,no_disability,Yes,Yes,Yes,Currently married,,,Yes,,,,Mangu
"5211685686297551","52116856862975513",3,Dhyeykumar Arjunbhai Bariya,,Mangu,Mangu,07,Never Married,male,"Less than 1,20,000",No,kaccha,no_disability,Yes,Yes,No,Never Married,,,Yes,,,,Mangu
"5211685686297551","52116856862975514",4,Rensiben Arjunbhai Bariya,,Mangu,Mangu,04,Never Married,female,"Less than 1,20,000",No,kaccha,no_disability,Yes,No,No,Never Married,,,Yes,,,,Mangu
"5211685937352124","52116859373521241",1,Mohanbhai Manilal Bariya,,Mangu,Mangu,57,Currently married,male,"Less than 1,20,000",No,pucca,no_disability,Yes,Yes,Yes,Currently married,,,Yes,,,,Mangu
"5211685939023651","52116859390236511",1,Harunkha Kamrudin Rathod,,Mangu,Mangu,,,,"",,,,,,,,,,,,,,Mangu
"5211685939141252","52116859391412521",1,Harunkha Kamarudin Rathod,,Mangu,Mangu,48,Currently married,male,"Less than 1,20,000",No,pucca,no_disability,Yes,Yes,Yes,Currently married,,,Yes,,,,Mangu
"5211685939790867","52116859397908671",1,Shankarbhai Bhanabhai Bariya,,Mangu,Mangu,63,Currently married,male,"1,20,000 – 4,00,000",No,pucca,no_disability,Yes,Yes,Yes,Currently married,,,Yes,,,,Mangu
"5211685940344561","52116859403445611",1,Ashokbhai Sankarbhai Bariya,,Mangu,Mangu,,,,"",,,,,,,,,,,,,,Mangu
"5211685962890243","52116859628902431",1,Ashokbhai Shankarbhai Bariya,,Mangu,Mangu,38,Currently married,male,"Less than 1,20,000",No,pucca,no_disability,Yes,Yes,Yes,Currently married,,,Yes,,,,Mangu
"5211685963977794","52116859639777941",1,Firojkha Sardarkha Rathod,,Mangu,Mangu,55,widow_widower,male,"Less than 1,20,000",No,semi_kaccha,no_disability,Yes,Yes,Yes,widow_widower,,,Yes,,,,Mangu
"5211685964634536","52116859646345361",1,Ashiskumar Kantibhi Bariya,,Mangu,Mangu,27,Currently married,male,"Less than 1,20,000",No,pucca,no_disability,Yes,Yes,Yes,Currently married,,,Yes,,,,Mangu
"5211685965023459","52116859650234591",1,Ashvinbhai Shanabhi Bariya,,Mangu,Mangu,,,,"",,,,,,,,,,,,,,Mangu
"5211685965148280","52116859651482801",1,Asvinbhai Shanabhi Bariya,,Mangu,Mangu,43,Currently married,male,"Less than 1,20,000",No,pucca,no_disability,Yes,Yes,Yes,Currently married,,,Yes,,,,Mangu
"5211685966785291","52116859667852911",1,Natvarbhai Ranchhodbhai Bariya,,Mangu,Mangu,53,Currently married,male,"Less than 1,20,000",No,pucca,no_disability,Yes,Yes,Yes,Currently married,,,Yes,,,,Mangu
"5211685939141252","52116859391412522",2,Rosanbibi Harunkha Rathod,,Mangu,Mangu,45,Currently married,female,"Less than 1,20,000",No,pucca,no_disability,Yes,Yes,Yes,Currently married,,,Yes,,,,Mangu
"5211685939141252","52116859391412523",3,Arbazkha Harunkha Rathod,,Mangu,Mangu,18,Never Married,male,"Less than 1,20,000",No,pucca,no_disability,Yes,Yes,No,Never Married,,,Yes,,,,Mangu
"5211685939790867","52116859397908672",2,Nandaben Shankarbhai Bariya,,Mangu,Mangu,60,Currently married,female,"1,20,000 – 4,00,000",No,pucca,no_disability,Yes,Yes,Yes,Currently married,,,Yes,,,,Mangu
"5211685962890243","52116859628902432",2,Hanshahben Ashokbhai Bariya,,Mangu,Mangu,34,Currently married,female,"Less than 1,20,000",No,pucca,no_disability,Yes,Yes,Yes,Currently married,,,Yes,,,,Mangu
"5211685962890243","52116859628902433",3,Vedangkumar Ahokbhai Bariya,,Mangu,Mangu,11,Never Married,male,"Less than 1,20,000",No,pucca,no_disability,Yes,Yes,No,Never Married,,,Yes,,,,Mangu
"5211685962890243","52116859628902434",4,Niyatiben Ashokbhai Bariya,,Mangu,Mangu,6,Never Married,female,"Less than 1,20,000",No,pucca,no_disability,Yes,No,No,Never Married,,,Yes,,,,Mangu
"5211685963977794","52116859639777942",2,Mosimkha Firojkha Rathod,,Mangu,Mangu,33,Currently married,male,"Less than 1,20,000",No,semi_kaccha,no_disability,Yes,Yes,Yes,Currently married,,,Yes,,,,Mangu
"5211685963977794","52116859639777943",3,Apshanabibi Mosimkha Rathod,,Mangu,Mangu,30,Currently married,female,"Less than 1,20,000",No,semi_kaccha,no_disability,Yes,Yes,Yes,Currently married,,,Yes,,,,Mangu
"5211685964634536","52116859646345362",2,Rasmikaben Asishkuar Bariya,,Mangu,Mangu,25,Currently married,female,"Less than 1,20,000",No,pucca,no_disability,Yes,Yes,No,Currently married,,,Yes,,,,Mangu
"5211685965148280","52116859651482802",2,Mantraben Ashvinbhai Bariya,,Mangu,Mangu,40,Currently married,female,"Less than 1,20,000",No,pucca,no_disability,Yes,Yes,Yes,Currently married,,,Yes,,,,Mangu
"5211685965148280","52116859651482803",3,Harpalkumar Asvinbhai bariya,,Mangu,Mangu,20,Never Married,male,"Less than 1,20,000",No,pucca,no_disability,Yes,Yes,Yes,Never Married,,,Yes,,,,Mangu
"5211685965148280","52116859651482804",4,Divyaben Asvinbhai Bariya,,Mangu,Mangu,15,Never Married,female,"Less than 1,20,000",No,pucca,no_disability,Yes,Yes,No,Never Married,,,Yes,,,,Mangu
"5211685966785291","52116859667852912",2,Manjulaben Natvarbhai Bariya,,Mangu,Mangu,47,Currently married,female,"Less than 1,20,000",No,pucca,no_disability,Yes,Yes,Yes,Currently married,,,Yes,,,,Mangu
"5211685966785291","52116859667852913",3,Dipakkumar Natvarbhai Bariya,,Mangu,Mangu,29,Currently married,male,"Less than 1,20,000",No,pucca,no_disability,Yes,Yes,Yes,Currently married,,,Yes,,,,Mangu
"5211685966785291","52116859667852914",4,Dimpalben Dipakkumar Bariya,,Mangu,Mangu,27,Currently married,female,"Less than 1,20,000",No,pucca,no_disability,Yes,Yes,Yes,Currently married,,,Yes,,,,Mangu
"5211685966785291","52116859667852915",5,Jaineshkumar Dipakbhai Bariya,,Mangu,Mangu,7,Never Married,male,"Less than 1,20,000",No,pucca,no_disability,Yes,Yes,No,Never Married,,,Yes,,,,Mangu
"5211686050919659","52116860509196591",1,Shankarbhai Viththalbhai Bariya,,Mangu,Mangu,61,Currently married,male,"Less than 1,20,000",No,kaccha,no_disability,Yes,Yes,Yes,Currently married,,,Yes,,,,Mangu
"5211686052160587","52116860521605871",1,Bhikhiben Bachubhai Tadvi,,Mangu,Mangu,65,widow_widower,female,"Less than 1,20,000",No,semi_kaccha,no_disability,Yes,Yes,Yes,widow_widower,,,Yes,,,,Mangu
"5211686053141778","52116860531417781",1,Rameshbhai Kalabhai Bariya,,Mangu,Mangu,49,Currently married,male,"Less than 1,20,000",No,pucca,no_disability,Yes,Yes,Yes,Currently married,,,Yes,,,,Mangu
"5211686053715647","52116860537156471",1,Vijaybhai Bachubhai Bariya,,Mangu,Mangu,34,Currently married,male,"Less than 1,20,000",No,semi_kaccha,no_disability,Yes,Yes,Yes,Currently married,,,Yes,,,,Mangu
"5211686054292048","52116860542920481",1,Soniben Eshwarbhai Bariya,,Mangu,Mangu,71,widow_widower,female,"Less than 1,20,000",No,kaccha,no_disability,Yes,Yes,Yes,widow_widower,,,Yes,,,,Mangu
"5211686054798439","52116860547984391",1,Alafhusen Vahidkha Rathod,,Mangu,Mangu,41,Currently married,male,"Less than 1,20,000",No,semi_kaccha,no_disability,Yes,Yes,Yes,Currently married,,,Yes,,,,Mangu
"5211686050919659","52116860509196592",2,Chandaben Shankarbhai Bariya,,Mangu,Mangu,59,Currently married,female,"Less than 1,20,000",No,kaccha,no_disability,Yes,Yes,Yes,Currently married,,,Yes,,,,Mangu
"5211686050919659","52116860509196593",3,Bharatkumar Shankarbhai Bariya,,Mangu,Mangu,38,Never Married,male,"Less than 1,20,000",No,kaccha,no_disability,Yes,Yes,Yes,Never Married,,,Yes,,,,Mangu
"5211686052160587","52116860521605872",2,Jayantibhai Bachubhai Tadvi,,Mangu,Mangu,45,Currently married,male,"Less than 1,20,000",No,semi_kaccha,no_disability,Yes,Yes,Yes,Currently married,,,Yes,,,,Mangu
"5211686052160587","52116860521605873",3,Bakulaben Jayantibhai Tadvi,,Mangu,Mangu,42,Currently married,female,"Less than 1,20,000",No,semi_kaccha,no_disability,Yes,Yes,Yes,Currently married,,,Yes,,,,Mangu
"5211686052160587","52116860521605874",4,Aksaykumar Jayantibhai Tadvi,,Mangu,Mangu,23,Currently married,male,"Less than 1,20,000",No,semi_kaccha,no_disability,Yes,Yes,Yes,Currently married,,,Yes,,,,Mangu
"5211686052160587","52116860521605875",5,Sarmisthben Ajaykumar Tadvi,,Mangu,Mangu,20,Currently married,female,"Less than 1,20,000",No,semi_kaccha,no_disability,No,No,No,Currently married,,,Yes,,,,Mangu
"5211686052160587","52116860521605876",6,Vishalkumar Jayantibhai Tadvi,,Mangu,Mangu,19,Never Married,male,"Less than 1,20,000",No,semi_kaccha,no_disability,Yes,Yes,Yes,Never Married,,,Yes,,,,Mangu
"5211686053141778","52116860531417782",2,Manjulaben Rameshbhai Bariya,,Mangu,Mangu,47,Currently married,female,"Less than 1,20,000",No,pucca,no_disability,No,Yes,Yes,Currently married,,,Yes,,,,Mangu
"5211686053141778","52116860531417783",3,Sunilkumar Rameshbhai Bariya,,Mangu,Mangu,27,divorced,male,"Less than 1,20,000",No,pucca,no_disability,Yes,Yes,Yes,divorced,,,Yes,,,,Mangu
"5211686053715647","52116860537156472",2,Rasmikaben Vijaybhai Bariya,,Mangu,Mangu,32,Currently married,female,"Less than 1,20,000",No,semi_kaccha,no_disability,Yes,Yes,Yes,Currently married,,,Yes,,,,Mangu
"5211686053715647","52116860537156473",3,Ajaykumar Bachubhai Bariya,,Mangu,Mangu,29,Never Married,male,"Less than 1,20,000",No,semi_kaccha,no_disability,Yes,Yes,Yes,Never Married,,,Yes,,,,Mangu
"5211686054798439","52116860547984392",2,Rukshanabibi Altafhushen Rathod,,Mangu,Mangu,40,Currently married,female,"Less than 1,20,000",No,semi_kaccha,no_disability,Yes,Yes,Yes,Currently married,,,Yes,,,,Mangu
"5211686054798439","52116860547984393",3,Shahilkha Altafhusen Rathod,,Mangu,Mangu,17,Never Married,male,"Less than 1,20,000",No,semi_kaccha,no_disability,Yes,Yes,No,Never Married,,,Yes,,,,Mangu
"5211686054798439","52116860547984394",4,Nazminabibi Altafhusen Rathod,,Mangu,Mangu,15,Never Married,female,"Less than 1,20,000",No,semi_kaccha,no_disability,Yes,Yes,No,Never Married,,,Yes,,,,Mangu
"5211686054798439","52116860547984395",5,Mahirkhan Altafhusen Rathod,,Mangu,Mangu,13,Never Married,male,"Less than 1,20,000",No,semi_kaccha,no_disability,Yes,Yes,No,Never Married,,,Yes,,,,Mangu
"5221685962337827","52216859623378271",1,Jashubhai Himmatbhai Bariya,,Limpura,Limpura,55,Currently married,male,"Less than 1,20,000",No,pucca,no_disability,Yes,Yes,Yes,Currently married,,,Yes,,,,Limpura
"5221686112605131","52216861126051311",1,Prabhatbhai Bhikhabhai Bariya ,,Limpura,Limpura,52,Currently married,male,"Less than 1,20,000",No,pucca,no_disability,Yes,Yes,Yes,Currently married,,,Yes,,,,Limpura
"5221686116250511","52216861162505111",1,Gopalbhai Dhulabhai Bariya,,Limpura,Limpura,42,Currently married,male,"Less than 1,20,000",No,pucca,no_disability,Yes,Yes,Yes,Currently married,,,Yes,,,,Limpura
"5221686120869699","52216861208696991",1,Ramanbhai Maganbhai Bariya,,Limpura,Limpura,53,Currently married,male,"Less than 1,20,000",No,pucca,no_disability,Yes,Yes,Yes,Currently married,,,Yes,,,,Limpura
"5221686121408594","52216861214085941",1,Ramanbhai Javerbhai Bariya ,,Limpura,Limpura,63,widow_widower,male,"Less than 1,20,000",No,kaccha,no_disability,Yes,Yes,Yes,widow_widower,,,Yes,,,,Limpura
"5221686121581031","52216861215810311",1,Kanubhai Mathurbhai Bariya,,Limpura,Limpura,58,widow_widower,male,"Less than 1,20,000",No,pucca,no_disability,Yes,Yes,Yes,widow_widower,,,Yes,,,,Limpura
"5221686116250511","52216861162505112",2,Pravinbhai Gopalbhai Bariya,,Limpura,Limpura,22,Currently married,male,"Less than 1,20,000",No,pucca,no_disability,Yes,Yes,Yes,Currently married,,,Yes,,,,Limpura
"5221686120869699","52216861208696992",2,Dipakbhai Ramanbhai Bariya,,Limpura,Limpura,21,Never Married,male,"Less than 1,20,000",No,pucca,no_disability,Yes,Yes,Yes,Never Married,,,Yes,,,,Limpura
"5221686120869699","52216861208696993",3,Rekhaben Ramanbhai Bariya,,Limpura,Limpura,37,,,"",No,,,No,No,No,,,,No,,,,Limpura
"5271685686124201","52716856861242011",1,Chauhan Khumansinh Mohansinh ,,Sevada,Sevada,54,Currently married,male,"Less than 1,20,000",No,kaccha,no_disability,Yes,Yes,Yes,Currently married,,,Yes,,,,Sevada
"5271685686124201","52716856861242012",2,Chauhan Ranjanben Khumansinh ,,Sevada,Sevada,50,Currently married,female,"Less than 1,20,000",No,kaccha,no_disability,Yes,Yes,Yes,Currently married,,,Yes,,,,Sevada
"5271685686124201","52716856861242013",3,Chauhan Mahavirsinh Khumansinh ,,Sevada,Sevada,32,Currently married,male,"Less than 1,20,000",No,kaccha,no_disability,Yes,Yes,Yes,Currently married,,,Yes,,,,Sevada
"5271685686124201","52716856861242014",4,Chauhan Dixikaben Mahavirsinh ,,Sevada,Sevada,28,Currently married,female,"Less than 1,20,000",No,kaccha,no_disability,Yes,Yes,Yes,Currently married,,,Yes,,,,Sevada
"5271685686124201","52716856861242015",5,Chauhan Sanjaysinh Khumansinh ,,Sevada,Sevada,29,Currently married,male,"Less than 1,20,000",No,kaccha,no_disability,Yes,Yes,Yes,Currently married,,,Yes,,,,Sevada
"5271685686124201","52716856861242016",6,Chauhan Kavitaben Sanjaysinh ,,Sevada,Sevada,20,Currently married,female,"Less than 1,20,000",No,kaccha,no_disability,Yes,No,Yes,Currently married,,,Yes,,,,Sevada
"5271685686124201","52716856861242017",7,Chauhan Swaraben Mahavirsinh ,,Sevada,Sevada,2,Never Married,female,"Less than 1,20,000",No,kaccha,no_disability,Yes,No,No,Never Married,,,Yes,,,,Sevada
"5271685947699906","52716859476999061",1,Chauhan Devendrasinh Mohansinh ,,Sevada,Sevada,52,Currently married,male,"Less than 1,20,000",No,kaccha,no_disability,Yes,Yes,Yes,Currently married,,,Yes,,,,Sevada
"5271685947699906","52716859476999062",2,Chauhan Arunaben Devendrasinh ,,Sevada,Sevada,44,Currently married,female,"Less than 1,20,000",No,kaccha,no_disability,Yes,Yes,Yes,Currently married,,,Yes,,,,Sevada
"5271685947699906","52716859476999063",3,Chauhan Gautamsinh Devendrasinh ,,Sevada,Sevada,28,Currently married,male,"Less than 1,20,000",No,kaccha,no_disability,Yes,Yes,Yes,Currently married,,,Yes,,,,Sevada
"5271685947699906","52716859476999064",4,Chauhan Gajaraben Mohansinh ,,Sevada,Sevada,88,widow_widower,female,"Less than 1,20,000",No,kaccha,no_disability,Yes,Yes,Yes,widow_widower,,,Yes,,,,Sevada
"5271685947699906","52716859476999065",5,Chauhan jashodaben Gautamsinh ,,Sevada,Sevada,27,Currently married,female,"Less than 1,20,000",No,kaccha,no_disability,Yes,No,Yes,Currently married,,,Yes,,,,Sevada
"5271685950614583","52716859506145831",1,Chauhan Udesinh Anopsinh ,,Sevada,Sevada,75,Currently married,male,"Less than 1,20,000",No,pucca,physical_disability,Yes,Yes,Yes,Currently married,,,Yes,,,,Sevada
"5271685950614583","52716859506145832",2,Chauhan vinaben Udesinh ,,Sevada,Sevada,66,Currently married,female,"Less than 1,20,000",No,pucca,no_disability,Yes,No,Yes,Currently married,,,Yes,,,,Sevada
"5271685950614583","52716859506145833",3,Chauhan Dilipsinh Udesinh ,,Sevada,Sevada,45,widow_widower,male,"Less than 1,20,000",No,pucca,no_disability,Yes,Yes,Yes,widow_widower,,,Yes,,,,Sevada
"5271685950614583","52716859506145834",4,Chauhan Meghrajsinh Dilipsinh,,Sevada,Sevada,20,Never Married,male,"Less than 1,20,000",No,pucca,no_disability,Yes,Yes,Yes,Never Married,,,Yes,,,,Sevada
"5271685950614583","52716859506145835",5,Chauhan Divyaben Dilipsinh,,Sevada,Sevada,18,Never Married,female,"Less than 1,20,000",No,pucca,no_disability,Yes,Yes,Yes,Never Married,,,Yes,,,,Sevada
"5271685962118659","52716859621186591",1,Boriyada Ratansinh Natavarsinh ,,Sevada,Sevada,58,Currently married,male,"Less than 1,20,000",No,pucca,no_disability,Yes,Yes,Yes,Currently married,,,Yes,,,,Sevada
"5271685963446791","52716859634467911",1,Chauhan Dilipsinh Parbatsinh,,Sevada,Sevada,58,Currently married,male,"Less than 1,20,000",No,pucca,no_disability,Yes,Yes,Yes,Currently married,,,Yes,,,,Sevada
"5271685962118659","52716859621186592",2,Boriyada Savitaben Ratansinh ,,Sevada,Sevada,58,Currently married,female,"Less than 1,20,000",No,pucca,no_disability,Yes,Yes,Yes,Currently married,,,Yes,,,,Sevada
"5271685962118659","52716859621186593",3,Boriyada Yogendrasinh Ratansinh ,,Sevada,Sevada,33,Currently married,male,"Less than 1,20,000",No,pucca,no_disability,Yes,Yes,Yes,Currently married,,,Yes,,,,Sevada
"5271685962118659","52716859621186594",4,Boriyada Komalben Yogendrasinh ,,Sevada,Sevada,28,Currently married,female,"Less than 1,20,000",No,pucca,no_disability,Yes,Yes,Yes,Currently married,,,Yes,,,,Sevada
"5271685962118659","52716859621186595",5,Boriyada Naxrajsinh Yogendrasinh ,,Sevada,Sevada,7,Never Married,male,"Less than 1,20,000",No,pucca,no_disability,Yes,No,No,Never Married,,,Yes,,,,Sevada
"5271685962118659","52716859621186596",6,Boriyada Jiyanshiben Yogendrasinh ,,Sevada,Sevada,2,Never Married,female,"Less than 1,20,000",No,pucca,no_disability,Yes,No,No,Never Married,,,Yes,,,,Sevada
"5271685963446791","52716859634467912",2,Chauhan lilaben Dilipsinh ,,Sevada,Sevada,45,Currently married,female,"Less than 1,20,000",No,pucca,no_disability,Yes,Yes,Yes,Currently married,,,Yes,,,,Sevada
"5271685963446791","52716859634467913",3,Chauhan Kiransinh Dilipsinh ,,Sevada,Sevada,33,Currently married,male,"Less than 1,20,000",No,pucca,no_disability,Yes,Yes,Yes,Currently married,,,Yes,,,,Sevada
"5271685963446791","52716859634467914",4,Chauhan Hitendrasinh Dilipsinh ,,Sevada,Sevada,32,Currently married,male,"Less than 1,20,000",No,pucca,no_disability,Yes,Yes,Yes,Currently married,,,Yes,,,,Sevada
"5271685963446791","52716859634467915",5,Chauhan Rohinaben Karansinh ,,Sevada,Sevada,34,Currently married,female,"Less than 1,20,000",No,pucca,no_disability,Yes,Yes,Yes,Currently married,,,Yes,,,,Sevada
"5271685963446791","52716859634467916",6,Chauhan Anjaliben Kiransinh ,,Sevada,Sevada,10,Never Married,female,"Less than 1,20,000",No,pucca,no_disability,Yes,Yes,Yes,Never Married,,,Yes,,,,Sevada
"5271685963446791","52716859634467917",7,Chauhan Hetaxiben Hitendrasinh ,,Sevada,Sevada,6,Never Married,female,"Less than 1,20,000",No,pucca,no_disability,Yes,Yes,No,Never Married,,,Yes,,,,Sevada
"5271685963446791","52716859634467918",8,Chauhan Chandrikaben Hitendrasinh ,,Sevada,Sevada,25,Currently married,female,"Less than 1,20,000",No,pucca,no_disability,Yes,Yes,Yes,Currently married,,,Yes,,,,Sevada
"5271685963446791","52716859634467919",9,Chauhan Ishani Kiransinh,,Sevada,Sevada,5,Never Married,female,"Less than 1,20,000",No,pucca,no_disability,Yes,No,No,Never Married,,,Yes,,,,Sevada
"5271685963446791","527168596344679110",10,Chauhan Naitiksinh Hitendrasinh ,,Sevada,Sevada,3,Never Married,male,"Less than 1,20,000",No,pucca,no_disability,No,No,No,Never Married,,,Yes,,,,Sevada
"5271686024083110","52716860240831101",1,Chauhan Jitendrasinh Ranjitsinh,,Sevada,Sevada,39,Currently married,male,"Less than 1,20,000",No,pucca,no_disability,Yes,Yes,Yes,Currently married,,,Yes,,,,Sevada
"5271686024830613","52716860248306131",1,Chauhan Ranjitsinh Parbatsinh,,Sevada,Sevada,55,Currently married,male,"Less than 1,20,000",No,pucca,no_disability,Yes,Yes,Yes,Currently married,,,Yes,,,,Sevada
"5271686025299704","52716860252997041",1,Chauhan Sanjanben Narpatsinh ,,Sevada,Sevada,72,widow_widower,female,"Less than 1,20,000",No,pucca,no_disability,Yes,Yes,Yes,widow_widower,,,Yes,,,,Sevada
"5271686028113885","52716860281138851",1,Rathod Ratanben Natvarsinh,,Sevada,Sevada,65,widow_widower,female,"Less than 1,20,000",No,pucca,no_disability,Yes,Yes,Yes,widow_widower,,,Yes,,,,Sevada
"5271686033641194","52716860336411941",1,Rathod Ganpatsinh Mohansinh ,,Sevada,Sevada,65,Currently married,male,"Less than 1,20,000",No,pucca,no_disability,Yes,Yes,Yes,Currently married,,,Yes,,,,Sevada
"5271686035777552","52716860357775521",1,Boriyada Chandrasinh Mohansinh ,,Sevada,Sevada,89,Currently married,male,"Less than 1,20,000",No,kaccha,no_disability,Yes,Yes,Yes,Currently married,,,Yes,,,,Sevada
"5271686036320512","52716860363205121",1,Boriyada Hathisinh Chandrasinh,,Sevada,Sevada,50,Currently married,male,"Less than 1,20,000",No,pucca,no_disability,Yes,Yes,Yes,Currently married,,,Yes,,,,Sevada
"5271686048586422","52716860485864221",1,Boriyada Laxmansinh Natavarsinh ,,Sevada,Sevada,53,Currently married,male,"Less than 1,20,000",No,semi_kaccha,no_disability,Yes,Yes,Yes,Currently married,,,Yes,,,,Sevada
"5271686050364948","52716860503649481",1,Chauhan Pravinsinh Chhatrasinh,,Sevada,Sevada,66,Currently married,male,"Less than 1,20,000",No,semi_kaccha,no_disability,Yes,Yes,Yes,Currently married,,,Yes,,,,Sevada
"5271686024083110","52716860240831102",2,Chauhan Daxaben Jitendrasinh ,,Sevada,Sevada,32,Currently married,female,"Less than 1,20,000",No,pucca,no_disability,Yes,Yes,Yes,Currently married,,,Yes,,,,Sevada
"5271686024083110","52716860240831103",3,Chauhan Anshulsinh Jitendrasinh ,,Sevada,Sevada,7,Never Married,male,"Less than 1,20,000",No,pucca,no_disability,Yes,No,No,Never Married,,,Yes,,,,Sevada
"5271686024083110","52716860240831104",4,Chauhan Kavya Jitendrasinh ,,Sevada,Sevada,5,Never Married,female,"Less than 1,20,000",No,pucca,no_disability,Yes,No,No,Never Married,,,Yes,,,,Sevada
"5271686024830613","52716860248306132",2,Chauhan Niruben Ranjitsinh ,,Sevada,Sevada,55,Currently married,female,"Less than 1,20,000",No,pucca,no_disability,Yes,Yes,Yes,Currently married,,,Yes,,,,Sevada
"5271686025299704","52716860252997042",2,Chauhan Rohitkumar Narpatsinh ,,Sevada,Sevada,41,Currently married,male,"Less than 1,20,000",No,pucca,no_disability,Yes,Yes,Yes,Currently married,,,Yes,,,,Sevada
"5271686025299704","52716860252997043",3,Chauhan Yogendrasinh Narpatsinh ,,Sevada,Sevada,37,Currently married,male,"Less than 1,20,000",No,pucca,no_disability,Yes,Yes,Yes,Currently married,,,Yes,,,,Sevada
"5271686025299704","52716860252997044",4,Chauhan Shivrajsinh Rohitkumar ,,Sevada,Sevada,13,Never Married,male,"Less than 1,20,000",No,pucca,no_disability,Yes,No,No,Never Married,,,Yes,,,,Sevada
"5271686025299704","52716860252997045",5,Chauhan Adityarajsinh Rohitkumar ,,Sevada,Sevada,11,Never Married,male,"Less than 1,20,000",No,pucca,no_disability,Yes,Yes,No,Never Married,,,Yes,,,,Sevada
"5271686025299704","52716860252997046",6,Chauhan Jayvirsinh Yogendrasinh ,,Sevada,Sevada,7,Never Married,male,"Less than 1,20,000",No,pucca,no_disability,Yes,Yes,No,Never Married,,,Yes,,,,Sevada
"5271686025299704","52716860252997047",7,Chauhan Shraddhaben Yogendrasinh ,,Sevada,Sevada,5,Never Married,female,"Less than 1,20,000",No,pucca,no_disability,Yes,No,No,Never Married,,,Yes,,,,Sevada
"5271686025299704","52716860252997048",8,Chauhan Anitaben Rohitkumar,,Sevada,Sevada,36,Currently married,female,"Less than 1,20,000",No,pucca,no_disability,Yes,No,Yes,Currently married,,,Yes,,,,Sevada
"5271686028113885","52716860281138852",2,Rathod Balvantsinh Natavarsinh ,,Sevada,Sevada,44,Currently married,male,"Less than 1,20,000",No,pucca,no_disability,Yes,Yes,Yes,Currently married,,,Yes,,,,Sevada
"5271686028113885","52716860281138853",3,Rathod Mahendrasinh Natvarsinh,,Sevada,Sevada,40,Currently married,male,"Less than 1,20,000",No,pucca,no_disability,Yes,Yes,Yes,Currently married,,,Yes,,,,Sevada
"5271686028113885","52716860281138854",4,Rathod Tejalben Balvantsinh ,,Sevada,Sevada,34,Currently married,female,"Less than 1,20,000",No,pucca,no_disability,Yes,Yes,Yes,Currently married,,,Yes,,,,Sevada
"5271686028113885","52716860281138855",5,Rathod Dharmeshsinh Balvantsinh ,,Sevada,Sevada,16,Never Married,male,"Less than 1,20,000",No,pucca,no_disability,Yes,Yes,No,Never Married,,,Yes,,,,Sevada
"5271686028113885","52716860281138856",6,Rathod Harshrajsinh Natavarsinh ,,Sevada,Sevada,9,Never Married,male,"Less than 1,20,000",No,pucca,no_disability,Yes,No,No,Never Married,,,Yes,,,,Sevada
"5271686028113885","52716860281138857",7,Rathod Mitalben Mahendrasinh ,,Sevada,Sevada,28,Currently married,female,"Less than 1,20,000",No,pucca,no_disability,Yes,Yes,Yes,Currently married,,,Yes,,,,Sevada
"5271686033641194","52716860336411942",2,Rathod Kantaben Ganpatsinh ,,Sevada,Sevada,58,Currently married,female,"Less than 1,20,000",No,pucca,no_disability,Yes,No,Yes,Currently married,,,Yes,,,,Sevada
"5271686033641194","52716860336411943",3,Rathod Ajitsinh Ganpatsinh ,,Sevada,Sevada,25,Currently married,male,"Less than 1,20,000",No,pucca,no_disability,Yes,Yes,Yes,Currently married,,,Yes,,,,Sevada
"5271686033641194","52716860336411944",4,Rathod Ankitsin Ganpatsinh ,,Sevada,Sevada,22,Never Married,male,"Less than 1,20,000",No,pucca,no_disability,Yes,No,Yes,Never Married,,,Yes,,,,Sevada
"5271686033641194","52716860336411945",5,Rathod Ruteshsinh Ganpatsinh ,,Sevada,Sevada,21,Never Married,male,"Less than 1,20,000",No,pucca,no_disability,Yes,Yes,Yes,Never Married,,,Yes,,,,Sevada
"5271686033641194","52716860336411946",6,Rathod Komalben Ajitsinh ,,Sevada,Sevada,20,Currently married,female,"Less than 1,20,000",No,pucca,no_disability,Yes,Yes,Yes,Currently married,,,Yes,,,,Sevada
"5271686033641194","52716860336411947",7,Rathod Kantaben Ajitsinh ,,Sevada,Sevada,2,,,"",No,,,No,No,No,,,,No,,,,Sevada
"5271686035777552","52716860357775522",2,Boriyada Kanuben Chandrasinh ,,Sevada,Sevada,60,Currently married,female,"Less than 1,20,000",No,kaccha,no_disability,Yes,Yes,Yes,Currently married,,,Yes,,,,Sevada
"5271686035777552","52716860357775523",3,Boriyada Jitendrasinh Chandrasinh ,,Sevada,Sevada,45,divorced,male,"Less than 1,20,000",No,kaccha,no_disability,Yes,Yes,Yes,divorced,,,Yes,,,,Sevada
"5271686036320512","52716860363205122",2,Boriyada Raxaben Hathisinh ,,Sevada,Sevada,45,Currently married,female,"Less than 1,20,000",No,pucca,no_disability,Yes,Yes,Yes,Currently married,,,Yes,,,,Sevada
"5271686036320512","52716860363205123",3,Boriyada Nishaben Hathisinh ,,Sevada,Sevada,14,Never Married,female,"Less than 1,20,000",No,pucca,no_disability,Yes,Yes,No,Never Married,,,Yes,,,,Sevada
"5271686036320512","52716860363205124",4,Boriyada Suhana Hathisinh ,,Sevada,Sevada,10,Never Married,female,"Less than 1,20,000",No,pucca,no_disability,Yes,Yes,No,Never Married,,,Yes,,,,Sevada
"5271686036320512","52716860363205125",5,Boriyada Kavindrasinh Hathisinh ,,Sevada,Sevada,8,Never Married,male,"Less than 1,20,000",No,pucca,no_disability,Yes,Yes,No,Never Married,,,Yes,,,,Sevada
"5271686048586422","52716860485864222",2,Boriyada Kapilaben Laxmansinh ,,Sevada,Sevada,46,Currently married,female,"Less than 1,20,000",No,semi_kaccha,no_disability,Yes,Yes,Yes,Currently married,,,Yes,,,,Sevada
"5271686048586422","52716860485864223",3,Boriyada Pradipsinh Laxmansinh ,,Sevada,Sevada,28,Currently married,male,"Less than 1,20,000",No,semi_kaccha,no_disability,Yes,Yes,Yes,Currently married,,,Yes,,,,Sevada
"5271686048586422","52716860485864224",4,Boriyada Nilamben Pradipsinh ,,Sevada,Sevada,22,Currently married,female,"Less than 1,20,000",No,semi_kaccha,no_disability,Yes,Yes,Yes,Currently married,,,Yes,,,,Sevada
"5271686050364948","52716860503649482",2,Chauhan Hansaben Pravinsinh ,,Sevada,Sevada,53,Currently married,female,"Less than 1,20,000",No,semi_kaccha,no_disability,Yes,Yes,Yes,Currently married,,,Yes,,,,Sevada
"5271686050364948","52716860503649483",3,Chauhan Truptiben Pravinsinh ,,Sevada,Sevada,15,Never Married,female,"Less than 1,20,000",No,semi_kaccha,no_disability,Yes,Yes,Yes,Never Married,,,Yes,,,,Sevada
"5271686050364948","52716860503649484",4,Chauhan Digvijaysinh Pravinsinh ,,Sevada,Sevada,13,Never Married,male,"Less than 1,20,000",No,semi_kaccha,no_disability,Yes,Yes,No,Never Married,,,Yes,,,,Sevada
"5271686111409077","52716861114090771",1,Chauhan Minaben Pravinsinh ,,Sevada,Sevada,44,widow_widower,female,"Less than 1,20,000",No,semi_kaccha,no_disability,Yes,Yes,Yes,widow_widower,,,Yes,,,,Sevada
"5271686111989669","52716861119896691",1,Chauhan Hansaben Somsinh,,Sevada,Sevada,,,,"",,,,,,,,,,,,,,Sevada
"5271686112155030","52716861121550301",1,Chauhan Madhuben Somsinh ,,Sevada,Sevada,67,widow_widower,female,"Less than 1,20,000",No,semi_kaccha,no_disability,Yes,Yes,Yes,widow_widower,,,Yes,,,,Sevada
"5271686112912552","52716861129125521",1,Chauhan Abhesinh Anopsinh ,,Sevada,Sevada,72,Currently married,male,"Less than 1,20,000",No,semi_kaccha,no_disability,Yes,Yes,Yes,Currently married,,,Yes,,,,Sevada
"5271686113770855","52716861137708551",1,Chauhan Shailendrasinh Abhesinh ,,Sevada,Sevada,,,,"",,,,,,,,,,,,,,Sevada
"5271686113878281","52716861138782811",1,Chauhan Shailendrasinh Abhesinh ,,Sevada,Sevada,44,Currently married,male,"Less than 1,20,000",No,semi_kaccha,no_disability,Yes,Yes,Yes,Currently married,,,Yes,,,,Sevada
"5271686111409077","52716861114090772",2,Chauhan Priyaben Pravinsinh ,,Sevada,Sevada,17,Never Married,female,"Less than 1,20,000",No,semi_kaccha,no_disability,Yes,Yes,No,Never Married,,,Yes,,,,Sevada
"5271686111409077","52716861114090773",3,Chauhan Rahulsinh Pravinsinh ,,Sevada,Sevada,15,Never Married,male,"Less than 1,20,000",No,semi_kaccha,no_disability,Yes,Yes,No,Never Married,,,Yes,,,,Sevada
"5271686112155030","52716861121550302",2,Chauhan Rajendrasinh Somsinh,,Sevada,Sevada,47,Currently married,male,"Less than 1,20,000",No,semi_kaccha,no_disability,Yes,Yes,Yes,Currently married,,,Yes,,,,Sevada
"5271686112155030","52716861121550303",3,Chauhan Kailashben Rajendrasinh ,,Sevada,Sevada,40,Currently married,female,"Less than 1,20,000",No,semi_kaccha,no_disability,Yes,Yes,Yes,Currently married,,,Yes,,,,Sevada
"5271686112155030","52716861121550304",4,Chauhan Jayrajsinh Rajendrasinh ,,Sevada,Sevada,21,Never Married,male,"Less than 1,20,000",No,semi_kaccha,no_disability,Yes,Yes,Yes,Never Married,,,Yes,,,,Sevada
"5271686112155030","52716861121550305",5,Chauhan Digvijaysinh Rajendrasinh ,,Sevada,Sevada,19,Never Married,male,"Less than 1,20,000",No,semi_kaccha,no_disability,Yes,Yes,Yes,Never Married,,,Yes,,,,Sevada
"5271686112912552","52716861129125522",2,Chauhan Ganaben Abhesinh ,,Sevada,Sevada,67,Currently married,female,"Less than 1,20,000",No,semi_kaccha,no_disability,Yes,Yes,Yes,Currently married,,,Yes,,,,Sevada
"5271686112912552","52716861129125523",3,Chauhan Ashoksinh Abhesinh,,Sevada,Sevada,42,Currently married,male,"Less than 1,20,000",No,semi_kaccha,no_disability,Yes,Yes,Yes,Currently married,,,Yes,,,,Sevada
"5271686112912552","52716861129125524",4,Chauhan Swetaben Ashoksinh ,,Sevada,Sevada,28,Currently married,female,"Less than 1,20,000",No,semi_kaccha,no_disability,Yes,Yes,Yes,Currently married,,,Yes,,,,Sevada
"5271686112912552","52716861129125525",5,Chauhan Arohiben Ashoksinh ,,Sevada,Sevada,7,Never Married,female,"Less than 1,20,000",No,semi_kaccha,no_disability,Yes,No,No,Never Married,,,Yes,,,,Sevada
"5271686112912552","52716861129125526",6,Chauhan Anshrajsinh Ashoksinh ,,Sevada,Sevada,4,Never Married,male,"Less than 1,20,000",No,semi_kaccha,no_disability,Yes,No,No,Never Married,,,Yes,,,,Sevada
"5271686113878281","52716861138782812",2,Chauhan Gitaben Shailendrasinh ,,Sevada,Sevada,44,Currently married,female,"Less than 1,20,000",No,semi_kaccha,no_disability,Yes,Yes,Yes,Currently married,,,Yes,,,,Sevada
"5271686194955905","52716861949559051",1,Chauhan Jasvantsinh Parbatsinh ,,Sevada,Sevada,66,widow_widower,male,"Less than 1,20,000",No,pucca,no_disability,Yes,Yes,Yes,widow_widower,,,Yes,,,,Sevada
"5271686195609414","52716861956094141",1,Chauhan Devendrasinh Jasvantsinh ,,Sevada,Sevada,42,Currently married,male,"Less than 1,20,000",No,pucca,no_disability,Yes,Yes,Yes,Currently married,,,Yes,,,,Sevada
"5271686194955905","52716861949559052",2,Chauhan Dharmendrasinh Jasavantsinh ,,Sevada,Sevada,40,Currently married,male,"Less than 1,20,000",No,pucca,no_disability,Yes,Yes,Yes,Currently married,,,Yes,,,,Sevada
"5271686194955905","52716861949559053",3,Chauhan Parulben Dharmendrasinh ,,Sevada,Sevada,32,Currently married,female,"Less than 1,20,000",No,pucca,no_disability,Yes,Yes,Yes,Currently married,,,Yes,,,,Sevada
"5271686194955905","52716861949559054",4,Chauhan Krihaben Dharmendrasinh ,,Sevada,Sevada,10,Never Married,female,"Less than 1,20,000",No,pucca,no_disability,Yes,Yes,No,Never Married,,,Yes,,,,Sevada
"5271686195609414","52716861956094142",2,Chauhan Janakben Devendrasinh ,,Sevada,Sevada,38,Currently married,female,"Less than 1,20,000",No,pucca,no_disability,Yes,Yes,Yes,Currently married,,,Yes,,,,Sevada
"5271686195609414","52716861956094143",3,Chauhan Kulrajsinh Devendrasinh ,,Sevada,Sevada,18,Never Married,male,"Less than 1,20,000",No,pucca,no_disability,Yes,Yes,Yes,Never Married,,,Yes,,,,Sevada
"5341685686091506","53416856860915061",1,Mohamadajrudeen Yavarkha Rathod,,Vajiriya,Vajiriya,31,Currently married,male,"Less than 1,20,000",No,kaccha,no_disability,Yes,Yes,Yes,Currently married,,,Yes,,,,Vajiriya
"5341685686091506","53416856860915062",2,Ayeshabibi Mohamadajrudeen Rathod,,Vajiriya,Vajiriya,29,Currently married,female,"Less than 1,20,000",No,kaccha,no_disability,Yes,Yes,Yes,Currently married,,,Yes,,,,Vajiriya
"5341685686091506","53416856860915063",3, Hayabanu Mohamadajrudeen Rathod,,Vajiriya,Vajiriya,8,Never Married,female,"Less than 1,20,000",No,kaccha,no_disability,Yes,Yes,No,Never Married,,,Yes,,,,Vajiriya
"5341685784003366","53416857840033661",1,Hanifabibi Yavarkha Rathod,,Vajiriya,Vajiriya,52,Currently married,female,"Less than 1,20,000",No,kaccha,no_disability,Yes,Yes,Yes,Currently married,,,Yes,,,,Vajiriya
"5341685784195484","53416857841954841",1,Hajaratsha Roshansha Divan,,Vajiriya,Vajiriya,55,Currently married,male,"Less than 1,20,000",No,kaccha,no_disability,Yes,Yes,Yes,Currently married,,,Yes,,,,Vajiriya
"5341685784003366","53416857840033662",2,Arsadkha Yavarkha Rathod,,Vajiriya,Vajiriya,29,Never Married,male,"Less than 1,20,000",No,kaccha,no_disability,Yes,Yes,Yes,Never Married,,,Yes,,,,Vajiriya
"5341685784195484","53416857841954842",2,Sofiyabibi Hajaratsha Divan,,Vajiriya,Vajiriya,51,Currently married,female,"Less than 1,20,000",No,kaccha,no_disability,Yes,Yes,Yes,Currently married,,,Yes,,,,Vajiriya
"5341685784195484","53416857841954843",3,Ayeshabanu Hajaratsha Divan,,Vajiriya,Vajiriya,20,Never Married,female,"Less than 1,20,000",No,kaccha,no_disability,Yes,Yes,Yes,Never Married,,,Yes,,,,Vajiriya
"5341685784195484","53416857841954844",4,Sahilmahammad Hajaratsha Divan,,Vajiriya,Vajiriya,19,Never Married,male,"Less than 1,20,000",No,kaccha,no_disability,Yes,Yes,Yes,Never Married,,,Yes,,,,Vajiriya
"5341685937513032","53416859375130321",1,Harunshab Fakirmahamad Rathod ,,Vajiriya,Vajiriya,52,Currently married,male,"Less than 1,20,000",No,kaccha,no_disability,Yes,Yes,Yes,Currently married,,,Yes,,,,Vajiriya
"5341685937633737","53416859376337371",1,Harunshab Fakirmahamad Rathod ,,Vajiriya,Vajiriya,52,Currently married,male,"Less than 1,20,000",No,kaccha,no_disability,Yes,Yes,Yes,Currently married,,,Yes,,,,Vajiriya
"5341685937952141","53416859379521411",1,Hanifshab Fakirmahamad Rathod ,,Vajiriya,Vajiriya,55,Currently married,male,"Less than 1,20,000",No,kaccha,no_disability,Yes,Yes,Yes,Currently married,,,Yes,,,,Vajiriya
"5341685937633737","53416859376337372",2,Nasimbibi Harunshab Rathod,,Vajiriya,Vajiriya,50,Currently married,female,"Less than 1,20,000",No,kaccha,no_disability,Yes,Yes,Yes,Currently married,,,Yes,,,,Vajiriya
"5341685937633737","53416859376337373",3,Rubinabanu Harunshab Rathod,,Vajiriya,Vajiriya,25,Never Married,female,"Less than 1,20,000",No,kaccha,no_disability,Yes,Yes,Yes,Never Married,,,No,,,,Vajiriya
"5341685937952141","53416859379521412",2,Anishabibi Hanifshab Rathod,,Vajiriya,Vajiriya,53,Currently married,female,"Less than 1,20,000",No,kaccha,no_disability,Yes,Yes,Yes,Currently married,,,Yes,,,,Vajiriya
"5341685937952141","53416859379521413",3,Imarankha Hanifshab Rathod ,,Vajiriya,Vajiriya,35,Currently married,male,"Less than 1,20,000",No,kaccha,no_disability,Yes,Yes,Yes,Currently married,,,No,,,,Vajiriya
"5341685937952141","53416859379521414",4,Taslimjaha Imarankha Rathod ,,Vajiriya,Vajiriya,33,Currently married,female,"Less than 1,20,000",No,kaccha,no_disability,Yes,Yes,Yes,Currently married,,,No,,,,Vajiriya
"5341685937952141","53416859379521415",5,Jahidkhan Hanifshab Rathod,,Vajiriya,Vajiriya,26,Never Married,male,"Less than 1,20,000",No,kaccha,no_disability,Yes,Yes,Yes,Never Married,,,No,,,,Vajiriya
"5341685937952141","53416859379521416",6,Khursid Hanifshab Rathod,,Vajiriya,Vajiriya,21,Currently married,male,"Less than 1,20,000",No,kaccha,no_disability,Yes,Yes,Yes,Currently married,,,No,,,,Vajiriya
"5341686024324245","53416860243242451",1,Taherabibi Munirshab Rathod ,,Vajiriya,Vajiriya,,,,"",,,,,,,,,,,,,,Vajiriya
"5341686024673990","53416860246739901",1,Nurjabibi Usnankha Rathod ,,Vajiriya,Vajiriya,,,,"",,,,,,,,,,,,,,Vajiriya
"5341686111992718","53416861119927181",1,Abdulkha Sikandarkha Rathod,,Vajiriya,Vajiriya,,,,"",,,,,,,,,,,,,,Vajiriya
"5341686112311973","53416861123119731",1,Sultanbhai Kayambhai Shekh,,Vajiriya,Vajiriya,,,,"",,,,,,,,,,,,,,Vajiriya
"5341686112794358","53416861127943581",1,Sultanbhai Yasinbhai Shekh,,Vajiriya,Vajiriya,,,,"",,,,,,,,,,,,,,Vajiriya
