age,card_disbursement_status,card_score,caste,hh_id,hh_income,mobile,name,qr_code,social_eco_status,social_status,state,village
"5211685686297551",Arjunbhai Shankarbhai Bariya,5211685686351602,BPL Antyodaya,0,,,"Less than 1,20,000",obc,gujarat,41,,Mangu
"5211685937352124",Mohanbhai Manilal Bariya,5211685937655488,BPL,0,,above_20,"Less than 1,20,000",obc,gujarat,57,,Mangu
"5211685939023651",Harunkha Kamrudin Rathod,5211685939116817,BPL Antyodaya,0,,,"",,gujarat,48,,Mangu
"5211685939141252",Harunkha Kamarudin Rathod,5211685939232280,BPL Antyodaya,0,,,"Less than 1,20,000",general,gujarat,48,,Mangu
"5211685939790867",Shankarbhai Bhanabhai Bariya,5211685940065944,APL,0,,,"1,20,000 – 4,00,000",obc,gujarat,63,,Mangu
"5211685940344561",Ashokbhai Sankarbhai Bariya,5211685940504182,APL,0,,,"",,gujarat,38,,Mangu
"5211685962890243",Ashokbhai Shankarbhai Bariya,5211685962990378,APL - 1,0,,,"Less than 1,20,000",obc,gujarat,38,,Mangu
"5211685963977794",Firojkha Sardarkha Rathod,5211685964071574,BPL Antyodaya,0,,,"Less than 1,20,000",general,gujarat,55,,Mangu
"5211685964634536",Ashiskumar Kantibhi Bariya,5211685964746481,APL,0,,,"Less than 1,20,000",obc,gujarat,27,,Mangu
"5211685965023459",Ashvinbhai Shanabhi Bariya,5211685965123791,APL,0,,,"",,gujarat,43,,Mangu
"5211685965148280",Asvinbhai Shanabhi Bariya,5211685965250156,APL,0,,,"Less than 1,20,000",obc,gujarat,43,,Mangu
"5211685966785291",Natvarbhai Ranchhodbhai Bariya,5211685966972411,BPL,0,,0_20,"Less than 1,20,000",obc,gujarat,53,,Mangu
"5211686050919659",Shankarbhai Viththalbhai Bariya,5211686051116494,BPL,0,,above_20,"Less than 1,20,000",obc,gujarat,61,,Mangu
"5211686052160587",Bhikhiben Bachubhai Tadvi,5211686052313935,BPL Antyodaya,0,,,"Less than 1,20,000",st,gujarat,65,,Mangu
"5211686053141778",Rameshbhai Kalabhai Bariya,5211686053345607,APL,0,,,"Less than 1,20,000",obc,gujarat,49,,Mangu
"5211686053715647",Vijaybhai Bachubhai Bariya,5211686053864145,BPL,0,,0_20,"Less than 1,20,000",obc,gujarat,34,,Mangu
"5211686054292048",Soniben Eshwarbhai Bariya,5211686054642695,BPL,0,,above_20,"Less than 1,20,000",obc,gujarat,71,,Mangu
"5211686054798439",Alafhusen Vahidkha Rathod,5211686055024467,BPL,0,,above_20,"Less than 1,20,000",general,gujarat,41,,Mangu
"5221685962337827",Jashubhai Himmatbhai Bariya,5221685962455179,APL,0,,,"Less than 1,20,000",obc,gujarat,55,,Limpura
"5221686112605131",Prabhatbhai Bhikhabhai Bariya ,5221686112654332,BPL,0,,above_20,"Less than 1,20,000",obc,gujarat,52,,Limpura
"5221686116250511",Gopalbhai Dhulabhai Bariya,5221686116534524,BPL,0,,above_20,"Less than 1,20,000",obc,gujarat,42,,Limpura
"5221686120869699",Ramanbhai Maganbhai Bariya,5221686120925160,BPL,0,,above_20,"Less than 1,20,000",obc,gujarat,53,,Limpura
"5221686121408594",Ramanbhai Javerbhai Bariya ,5221686121451730,BPL,0,,above_20,"Less than 1,20,000",obc,gujarat,63,,Limpura
"5221686121581031",Kanubhai Mathurbhai Bariya,5221686121625152,BPL,0,,above_20,"Less than 1,20,000",obc,gujarat,58,,Limpura
"5271685686124201",Chauhan Khumansinh Mohansinh ,5271685686352898,APL,0,,,"Less than 1,20,000",general,gujarat,54,,Sevada
"5271685947699906",Chauhan Devendrasinh Mohansinh ,5271685947731919,APL - 1,0,,,"Less than 1,20,000",general,gujarat,52,,Sevada
"5271685950614583",Chauhan Udesinh Anopsinh ,5271685950704663,APL - 1,0,,,"Less than 1,20,000",general,gujarat,75,,Sevada
"5271685962118659",Boriyada Ratansinh Natavarsinh ,5271685962150819,APL - 1,0,,,"Less than 1,20,000",general,gujarat,58,,Sevada
"5271685963446791",Chauhan Dilipsinh Parbatsinh,5271685963619151,APL - 1,0,,,"Less than 1,20,000",general,gujarat,58,,Sevada
"5271686024083110",Chauhan Jitendrasinh Ranjitsinh,5271686024264442,APL - 1,0,,,"Less than 1,20,000",general,gujarat,39,,Sevada
"5271686024830613",Chauhan Ranjitsinh Parbatsinh,5271686024973311,APL - 1,0,,,"Less than 1,20,000",general,gujarat,55,,Sevada
"5271686025299704",Chauhan Sanjanben Narpatsinh ,5271686025490579,APL - 1,0,,,"Less than 1,20,000",general,gujarat,72,,Sevada
"5271686028113885",Rathod Ratanben Natvarsinh,5271686028460282,BPL,0,,0_20,"Less than 1,20,000",general,gujarat,65,,Sevada
"5271686033641194",Rathod Ganpatsinh Mohansinh ,5271686033999896,APL - 1,0,,,"Less than 1,20,000",general,gujarat,65,,Sevada
"5271686035777552",Boriyada Chandrasinh Mohansinh ,5271686035974552,APL - 1,0,,,"Less than 1,20,000",general,gujarat,89,,Sevada
"5271686036320512",Boriyada Hathisinh Chandrasinh,5271686036458187,APL - 1,0,,,"Less than 1,20,000",general,gujarat,50,,Sevada
"5271686048586422",Boriyada Laxmansinh Natavarsinh ,5271686048758773,APL - 1,0,,,"Less than 1,20,000",general,gujarat,53,,Sevada
"5271686050364948",Chauhan Pravinsinh Chhatrasinh,5271686050514319,BPL,0,,0_20,"Less than 1,20,000",general,gujarat,66,,Sevada
"5271686111409077",Chauhan Minaben Pravinsinh ,5271686111630205,BPL Antyodaya,0,,,"Less than 1,20,000",general,gujarat,44,,Sevada
"5271686111989669",Chauhan Hansaben Somsinh,5271686112131680,APL - 1,0,,,"",,gujarat,67,,Sevada
"5271686112155030",Chauhan Madhuben Somsinh ,5271686112233470,APL - 1,0,,,"Less than 1,20,000",general,gujarat,67,,Sevada
"5271686112912552",Chauhan Abhesinh Anopsinh ,5271686113018919,APL - 1,0,,,"Less than 1,20,000",general,gujarat,72,,Sevada
"5271686113770855",Chauhan Shailendrasinh Abhesinh ,5271686113849183,APL - 1,0,,,"",,gujarat,43,,Sevada
"5271686113878281",Chauhan Shailendrasinh Abhesinh ,5271686113920419,APL - 1,0,,,"Less than 1,20,000",general,gujarat,44,,Sevada
"5271686194955905",Chauhan Jasvantsinh Parbatsinh ,5271686195114463,APL - 1,0,,,"Less than 1,20,000",general,gujarat,66,,Sevada
"5271686195609414",Chauhan Devendrasinh Jasvantsinh ,5271686195666960,APL - 1,0,,,"Less than 1,20,000",general,gujarat,42,,Sevada
"5341685686091506",Mohamadajrudeen Yavarkha Rathod,5341685686331764,BPL Antyodaya,0,,,"Less than 1,20,000",general,gujarat,31,,Vajiriya
"5341685784003366",Hanifabibi Yavarkha Rathod,5341685784039417,BPL Antyodaya,0,,,"Less than 1,20,000",general,gujarat,52,,Vajiriya
"5341685784195484",Hajaratsha Roshansha Divan,5341685784261311,BPL Antyodaya,0,,,"Less than 1,20,000",obc,gujarat,55,,Vajiriya
"5341685937513032",Harunshab Fakirmahamad Rathod ,5341685937540762,BPL Antyodaya,0,,,"Less than 1,20,000",general,gujarat,52,,Vajiriya
"5341685937633737",Harunshab Fakirmahamad Rathod ,5341685937770635,BPL Antyodaya,0,,,"Less than 1,20,000",general,gujarat,52,,Vajiriya
"5341685937952141",Hanifshab Fakirmahamad Rathod ,5341685938074740,APL,0,,,"Less than 1,20,000",general,gujarat,55,,Vajiriya
"5341686024324245",Taherabibi Munirshab Rathod ,5341686024448136,BPL,0,,,"Less than 1,20,000",general,gujarat,51,,Vajiriya
"5341686024673990",Nurjabibi Usnankha Rathod ,5341686024746626,APL,0,,,"Less than 1,20,000",general,gujarat,51,,Vajiriya
"5341686111992718",Abdulkha Sikandarkha Rathod,5341686112088537,APL,0,,,"1,20,000 – 4,00,000",general,gujarat,45,,Vajiriya
"5341686112311973",Sultanbhai Kayambhai Shekh,5341686112450121,APL,0,,,"1,20,000 – 4,00,000",obc,gujarat,42,,Vajiriya
"5341686112794358",Sultanbhai Yasinbhai Shekh,5341686112873047,APL,0,,,"Less than 1,20,000",obc,gujarat,47,,Vajiriya
