hh_id,member_id,member_count,name,aadhaar_number,full_address,landmark,age,marital_status,gender,income,caste_certificate,type_of_house,disability,aadhaar_card,bank_account,election_card,widow_status,status_of_women,religion,land_ownership,education_status,height_cm,weight_kg,village
"1103556","11035562",2,Swayamjyoti Vijayakumar Khandelot,,Ambewadi,Ambewadi,43,widow_widower,female,"Less than 1,20,000",No,kaccha,no_disability,Yes,Yes,Yes,widow_widower,,,No,,,,Ambewadi
"1103556","11035563",3,Suvarana Nandakumar Khandelot ,,Ambewadi,Ambewadi,50,widow_widower,female,"Less than 1,20,000",No,kaccha,no_disability,Yes,Yes,Yes,widow_widower,,,Yes,,,,Ambewadi
"1104135","11041357",7,Janki janu Govilkar ,,Bahe,Bahe,73,widow_widower,female,"Less than 1,20,000",No,semi_kaccha,no_disability,Yes,Yes,Yes,widow_widower,,,Yes,,,,Bahe
"2611690217511907","26116902175119072",2,Rahul Dhyaneshwar Jadhav ,,Bahe,Bahe,19,Never Married,male,"Less than 1,20,000",No,semi_kaccha,no_disability,Yes,Yes,No,Never Married,,,No,,,,Bahe
"1115136","11151364",4,mangal nanda wafilkar,,Gove,Gove,47,Currently married,female,"Less than 1,20,000",No,pucca,no_disability,Yes,Yes,Yes,Currently married,,,No,,,,Gove
"2761692363502906","27616923635029062",2,Nagappa Bhimrao Patel,,Khairwadi,Khairwadi,65,Currently married,male,"Less than 1,20,000",No,kaccha,no_disability,Yes,Yes,Yes,Currently married,,,Yes,,,,Khairwadi
"2781690871061162","27816908710611625",5,Bhushan Bharat Tambe ,,Landhar,Landhar,22,Never Married,male,"Less than 1,20,000",No,pucca,no_disability,Yes,Yes,Yes,Never Married,,,Yes,,,,Landhar
"2781692261021662","27816922610216623",3,Apeksha Janu Shirke ,,Landhar,Landhar,19,Never Married,female,"Less than 1,20,000",No,pucca,no_disability,Yes,Yes,No,Never Married,,,Yes,,,,Landhar
"1121093","11210935",5,Ojas Ankush Bhagat,,Landhar,Landhar,1,Never Married,male,"Less than 1,20,000",No,pucca,no_disability,Yes,No,No,Never Married,,,Yes,,,,Landhar
"2781692261021662","27816922610216624",4,Omkar Janu Shirke ,,Landhar,Landhar,21,Never Married,male,"Less than 1,20,000",No,pucca,no_disability,Yes,Yes,Yes,Never Married,,,Yes,,,,Landhar
"2781690447740861","27816904477408612",2,Ganesh Khelu Tembe,,Landhar,Landhar,39,,,"",No,,,No,No,No,,,,No,,,,Landhar
"2781690447740861","27816904477408613",3,Rushikesh Ganesh Tembe,,Landhar,Landhar,6,Never Married,male,"Less than 1,20,000",No,pucca,no_disability,Yes,Yes,No,Never Married,,,Yes,,,,Landhar
"2781690447740861","27816904477408614",4,Rugved Ganesh Tembe,,Landhar,Landhar,6,Never Married,male,"Less than 1,20,000",No,pucca,no_disability,Yes,No,No,Never Married,,,Yes,,,,Landhar
"2781690870917998","27816908709179983",3,Dattaram Damodar Kheratkar ,,Landhar,Landhar,60,,,"",No,,,No,No,No,,,,No,,,,Landhar
"2781690870917998","27816908709179984",4,Anjani Dattaram Kheratkar ,,Landhar,Landhar,59,Currently married,female,"Less than 1,20,000",No,pucca,no_disability,Yes,Yes,Yes,Currently married,,,Yes,,,,Landhar
"2781693997582609","27816939975826091",1,Umesh Umaji Lokhande,,Landhar,Landhar,36,Currently married,male,"Less than 1,20,000",No,pucca,no_disability,Yes,Yes,Yes,Currently married,,,Yes,,,,Landhar
"2781693997582609","27816939975826092",2,Shravan Umesh Lokhande,,Landhar,Landhar,15,Never Married,male,"Less than 1,20,000",No,pucca,no_disability,Yes,No,No,Never Married,,,Yes,,,,Landhar
"2781693997582609","27816939975826093",3,Sanchi Umesh Lokhande,,Landhar,Landhar,12,Never Married,female,"Less than 1,20,000",No,pucca,no_disability,Yes,Yes,No,Never Married,,,Yes,,,,Landhar
"2791693997880020","27916939978800201",1,Govind Maruti Pardhi ,,Mahadevwadi,Mahadevwadi,,,,"",,,,,,,,,,,,,,Mahadevwadi
"2791693997880020","27916939978800202",2,Anushka Govind Pardhi ,,Mahadevwadi,Mahadevwadi,6,Never Married,female,"Less than 1,20,000",No,kaccha,no_disability,Yes,No,No,Never Married,,,Yes,,,,Mahadevwadi
"2821689355402795","28216893554027954",4, Aarohi Nilesh Mandluskar ,,Nadavali,Nadavali,6,Never Married,female,"Less than 1,20,000",No,semi_kaccha,no_disability,Yes,Yes,No,Never Married,,,No,,,,Nadavali
"2851683880644434","28516838806444343",3,manswi mangesh Bangare,,Sanegaon,Sanegaon,22,Never Married,female,"Less than 1,20,000",No,pucca,no_disability,Yes,Yes,No,Never Married,,,No,,,,Sanegaon
"1129048","11290484",4,Rihi rupesh Thite,,Shedsai,Shedsai,2,Never Married,female,"Less than 1,20,000",No,pucca,no_disability,Yes,Yes,Yes,Never Married,,,No,,,,Shedsai
"1134043","11340435",5,Sitaram Shankar Bamane ,,Talavali & Talavaliwadi,Talavali & Talavaliwadi,75,Currently married,male,"Less than 1,20,000",No,semi_kaccha,no_disability,Yes,Yes,Yes,Currently married,,,Yes,,,,Talavali & Talavaliwadi
"1134009","11340096",6,Moreshwar chindu Marawade ,,Talavali & Talavaliwadi,Talavali & Talavaliwadi,42,Currently married,male,"Less than 1,20,000",No,semi_kaccha,no_disability,Yes,Yes,Yes,Currently married,,,No,,,,Talavali & Talavaliwadi
"1134055","11340553",3, Gouribaee  Savalaram Ghogle ,,Talavali & Talavaliwadi,Talavali & Talavaliwadi,77,Currently married,female,"Less than 1,20,000",No,semi_kaccha,no_disability,Yes,Yes,Yes,Currently married,,,Yes,,,,Talavali & Talavaliwadi
"1134078","11340787",7,Chayaka Mahesh Vayakar ,,Talavali & Talavaliwadi,Talavali & Talavaliwadi,2,Never Married,male,"Less than 1,20,000",No,semi_kaccha,no_disability,Yes,No,No,Never Married,,,No,,,,Talavali & Talavaliwadi
"2991691080996905","29916910809969053",3,ketaki Sunil Mestry ,,Washi,Washi,15,Never Married,female,"Less than 1,20,000",No,pucca,no_disability,Yes,No,No,Never Married,,,Yes,,,,Washi
"3001693995927072","30016939959270721",1,Test Household,,Wave,Wave,25,divorced,male,"Less than 1,20,000",No,kaccha,no_disability,Yes,Yes,Yes,divorced,,,Yes,,,,Wave
