hh_id,member_id,beneficiary_name,scheme_name,village,helpdesk_user,eleigible_sts,s1_helpdesk,s1_date,s2_liasoning_officer,s2_date,s3_govt_dept,s3_date,benefit_status,beneficiaries_img,benefit_date,if_descripency,reject_reason,created_at,updated_at


"1103556","11035562",Swayamjyoti Vijayakumar Khandelot,E Shram Card,Ambewadi,,,Documentation_Complete,2023-09-05 13:58:03,completed,2023-09-02,Submitted,2023-09-05,No,,,,,2023-09-05 13:58:03,2023-09-05 13:58:03
"1103556","11035563",Suvarana Nandakumar Khandelot ,E Shram Card,Ambewadi,,,Documentation_Complete,2023-09-05 13:58:04,completed,2023-09-02,Submitted,2023-09-05,No,,,,,2023-09-05 13:58:04,2023-09-05 13:58:04
"1104135","11041357",Janki janu Govilkar ,PAN Card  New ,Bahe,,,Documentation_Complete,2023-09-01 19:33:28,completed,2023-09-01,Submitted,2023-09-04,No,,,,,2023-09-01 19:33:28,2023-09-01 19:33:28
"2611690217511907","26116902175119072",Rahul Dhyaneshwar Jadhav ,National Health Card,Bahe,,,Documentation_Complete,2023-09-01 19:39:53,completed,2023-09-01,Submitted,2023-09-01,Yes,,2023-09-04,,,2023-09-01 19:39:53,2023-09-01 19:39:53





"1115136","11151364",mangal nanda wafilkar,National Health Card,Gove,,,pending,2023-09-06 10:01:14,pending,,pending,,No,,,,,2023-09-06 10:01:14,2023-09-06 10:01:14
"2761692363502906","27616923635029062",Nagappa Bhimrao Patel,Age Proof,Khairwadi,,,Documentation_Complete,2023-09-02 22:40:29,completed,2023-09-02,Submitted,2023-09-02,No,,,,,2023-09-02 22:40:29,2023-09-02 22:40:29

"2781690871061162","27816908710611625",Bhushan Bharat Tambe ,National Health Card,Landhar,,,Documentation_Complete,2023-09-02 22:43:22,completed,2023-09-02,Submitted,2023-09-02,No,,,,,2023-09-02 22:43:22,2023-09-02 22:43:22
"2781692261021662","27816922610216623",Apeksha Janu Shirke ,National Health Card,Landhar,,,Documentation_Complete,2023-09-02 22:42:57,completed,2023-09-02,Submitted,2023-09-02,No,,,,,2023-09-02 22:42:57,2023-09-02 22:42:57
"1121093","11210935",Ojas Ankush Bhagat,National Health Card,Landhar,,,Documentation_Complete,2023-09-02 22:40:35,completed,2023-09-02,Submitted,2023-09-02,No,,,,,2023-09-02 22:40:35,2023-09-02 22:40:35
"2781692261021662","27816922610216624",Omkar Janu Shirke ,National Health Card,Landhar,,,Documentation_Complete,2023-09-02 22:40:37,completed,2023-09-02,Submitted,2023-09-02,No,,,,,2023-09-02 22:40:37,2023-09-02 22:40:37
"2781690447740861","27816904477408613",Rushikesh Ganesh Tembe,National Health Card,Landhar,,,Documentation_Complete,2023-09-02 22:40:39,completed,2023-09-02,Submitted,2023-09-02,No,,,,,2023-09-02 22:40:39,2023-09-02 22:40:39
"2781690447740861","27816904477408614",Rugved Ganesh Tembe,National Health Card,Landhar,,,Documentation_Complete,2023-09-02 22:40:42,completed,2023-09-02,Submitted,2023-09-02,No,,,,,2023-09-02 22:40:42,2023-09-02 22:40:42
"2781690870917998","27816908709179984",Anjani Dattaram Kheratkar ,National Health Card,Landhar,,,Documentation_Complete,2023-09-02 22:40:44,completed,2023-09-02,Submitted,2023-09-02,Yes,,2023-09-02,,,2023-09-02 22:40:44,2023-09-02 22:40:44
"2781693997582609","27816939975826091",Umesh Umaji Lokhande,Residence Certificate,Landhar,,,pending,2023-09-06 17:11:48,pending,,pending,,No,,,,,2023-09-06 17:11:48,2023-09-06 17:11:48
"2781693997582609","27816939975826092",Shravan Umesh Lokhande,Residence Certificate,Landhar,,,pending,2023-09-06 17:11:48,pending,,pending,,No,,,,,2023-09-06 17:11:48,2023-09-06 17:11:48
"2781693997582609","27816939975826093",Sanchi Umesh Lokhande,Residence Certificate,Landhar,,,pending,2023-09-06 17:11:48,pending,,pending,,No,,,,,2023-09-06 17:11:48,2023-09-06 17:11:48
"2791693997880020","27916939978800202",Anushka Govind Pardhi ,Residence Certificate,Mahadevwadi,,,pending,2023-09-06 17:11:48,pending,,pending,,No,,,,,2023-09-06 17:11:48,2023-09-06 17:11:48
"2821689355402795","28216893554027954", Aarohi Nilesh Mandluskar ,National Health Card,Nadavali,,,Documentation_Complete,2023-09-01 19:21:49,completed,2023-09-01,Submitted,2023-09-01,Yes,,2023-09-04,,,2023-09-01 19:21:49,2023-09-01 19:21:49
"2851683880644434","28516838806444343",manswi mangesh Bangare,National Health Card,Sanegaon,,,Documentation_Complete,2023-09-04 12:14:12,completed,2023-09-04,Submitted,2023-09-04,No,,,,,2023-09-04 12:14:12,2023-09-04 12:14:12
"1129048","11290484",Rihi rupesh Thite,National Health Card,Shedsai,,,Documentation_Complete,2023-09-06 12:33:11,completed,2023-09-04,Submitted,2023-09-06,No,,,,,2023-09-06 12:33:11,2023-09-06 12:33:11



"1134043","11340435",Sitaram Shankar Bamane ,E Pik Pahani,Talavali & Talavaliwadi,,,Documentation_Complete,2023-09-01 19:21:54,completed,2023-09-01,Submitted,2023-09-01,No,,,,,2023-09-01 19:21:54,2023-09-01 19:21:54
"1134009","11340096",Moreshwar chindu Marawade ,E Pik Pahani,Talavali & Talavaliwadi,,,Documentation_Complete,2023-09-05 17:36:53,completed,2023-09-05,Submitted,2023-09-05,No,,,,,2023-09-05 17:36:53,2023-09-05 17:36:53
"1134055","11340553", Gouribaee  Savalaram Ghogle ,E Pik Pahani,Talavali & Talavaliwadi,,,pending,2023-09-05 16:30:53,pending,,pending,,No,,,,,2023-09-05 16:30:53,2023-09-05 16:30:53
"1134078","11340787",Chayaka Mahesh Vayakar ,National Health Card,Talavali & Talavaliwadi,,,pending,2023-09-05 16:30:53,pending,,pending,,No,,,,,2023-09-05 16:30:53,2023-09-05 16:30:53

"2991691080996905","29916910809969053",ketaki Sunil Mestry ,National Health Card,Washi,,,Documentation_Complete,2023-09-02 10:53:28,completed,2023-09-02,Submitted,2023-09-02,No,,,,,2023-09-02 10:53:28,2023-09-02 10:53:28

