aadhaar_card,aadhaar_number,age,bank_account,caste_certificate,disability,education_status,election_card,full_address,gender,height_cm,hh_id,income,land_ownership,landmark,marital_status,member_count,member_id,name,religion,status_of_women,type_of_house,weight_kg,widow_status,village
"5331689329861429","53316893298614291",1,uday vipul bhai parmar,,Amreli,Amreli,20,Never Married,male,"Less than 1,20,000",No,pucca,no_disability,Yes,Yes,No,Never Married,,,Yes,,,,Amreli
"5331689329861429","53316893298614292",2,paramar yash vipul bhai,,Amreli,Amreli,17,Never Married,male,"Less than 1,20,000",No,pucca,no_disability,Yes,Yes,No,Never Married,,,Yes,,,,Amreli
"5331689764545413","53316897645454131",1,Dafada Pravinbhai Ranabhai,,Amreli,Amreli,38,Currently married,male,"Less than 1,20,000",No,semi_kaccha,no_disability,Yes,Yes,Yes,Currently married,,,No,,,,Amreli
"11020101836","110201018364",4,urviben Mahendrabhai Agravat ,,Amreli,Amreli,19,Never Married,female,"Less than 1,20,000",No,pucca,no_disability,Yes,Yes,No,Never Married,,,No,,,,Amreli
"5331689764545413","53316897645454132",2,Dafda Sumit Pravinbhai,,Amreli,Amreli,14,,,"",No,,,No,No,No,,,,No,,,,Amreli
"5331689859208038","53316898592080381",1,dafada Pravin bhai ranabhai,,Amreli,Amreli,,,,"",,,,,,,,,,,,,,Amreli
"5331689859425444","53316898594254441",1,dafada Pravin Bhai Rana bhai,,Amreli,Amreli,39,Currently married,male,"Less than 1,20,000",No,pucca,no_disability,Yes,Yes,Yes,Currently married,,,Yes,,,,Amreli
"5331689859913077","53316898599130771",1,dafada PravinBhai Ranabhai,,Amreli,Amreli,39,Currently married,male,"Less than 1,20,000",No,pucca,no_disability,Yes,Yes,Yes,Currently married,,,Yes,,,,Amreli
"5331689861970695","53316898619706951",1,makavana Maheshbhai parshotambhai,,Amreli,Amreli,36,Currently married,male,"Less than 1,20,000",No,kaccha,no_disability,Yes,Yes,Yes,Currently married,,,No,,,,Amreli
"5331689862539125","53316898625391251",1,makavana Maheshbhai parshotambhai,,Amreli,Amreli,36,Currently married,male,"Less than 1,20,000",No,kaccha,no_disability,Yes,Yes,Yes,Currently married,,,No,,,,Amreli
"5331689867257537","53316898672575371",1,godaliya Manishbhai Dhirubhai,,Amreli,Amreli,39,Currently married,male,"Less than 1,20,000",No,pucca,no_disability,Yes,Yes,Yes,Currently married,,,No,,,,Amreli
"5331689868343058","53316898683430581",1,Mukesh bhai meghajibhai bagada,,Amreli,Amreli,37,Currently married,male,"Less than 1,20,000",No,pucca,no_disability,Yes,Yes,Yes,Currently married,,,No,,,,Amreli
"5331689869769289","53316898697692891",1,Vaghela vipulbhai,,Amreli,Amreli,,,,"",,,,,,,,,,,,,,Amreli
"5331689859913077","53316898599130772",2,dafada Sumit Pravin Bhai,,Amreli,Amreli,14,Never Married,male,"Less than 1,20,000",No,pucca,no_disability,Yes,Yes,No,Never Married,,,Yes,,,,Amreli
"5331689859913077","53316898599130773",3,dafada manishaben Pravin Bhai,,Amreli,Amreli,42,Currently married,female,"Less than 1,20,000",No,pucca,no_disability,Yes,Yes,Yes,Currently married,,,Yes,,,,Amreli
"5331689862539125","53316898625391252",2,Janvi maheshbhai makavana,,Amreli,Amreli,6,Never Married,female,"Less than 1,20,000",No,kaccha,no_disability,Yes,No,No,Never Married,,,No,,,,Amreli
"5331689862539125","53316898625391253",3,makavana nitaben Maheshbhai,,Amreli,Amreli,33,Currently married,female,"Less than 1,20,000",No,kaccha,no_disability,Yes,Yes,Yes,Currently married,,,No,,,,Amreli
"5331689862539125","53316898625391254",4,makavana Nirali Maheshbhai,,Amreli,Amreli,9,Never Married,female,"Less than 1,20,000",No,kaccha,no_disability,Yes,No,No,Never Married,,,No,,,,Amreli
"5331689862539125","53316898625391255",5,makavana Tushar maheshbhai,,Amreli,Amreli,13,Never Married,male,"Less than 1,20,000",No,kaccha,no_disability,Yes,Yes,No,Never Married,,,No,,,,Amreli
"5331689867257537","53316898672575372",2,Godaliya Ranjanben Manishbhai,,Amreli,Amreli,38,Currently married,female,"Less than 1,20,000",No,pucca,no_disability,Yes,Yes,Yes,Currently married,,,No,,,,Amreli
"5331689867257537","53316898672575373",3,Godaliya Koushal manishbhai,,Amreli,Amreli,11,Never Married,male,"Less than 1,20,000",No,pucca,no_disability,Yes,Yes,No,Never Married,,,No,,,,Amreli
"5331689867257537","53316898672575374",4,Aaryan Manishbhai Gondaliya,,Amreli,Amreli,14,Never Married,male,"Less than 1,20,000",No,pucca,no_disability,Yes,Yes,No,Never Married,,,No,,,,Amreli
"5331689868343058","53316898683430582",2,niruben Mukeshbhai bagada,,Amreli,Amreli,39,Currently married,female,"Less than 1,20,000",No,pucca,no_disability,Yes,Yes,Yes,Currently married,,,No,,,,Amreli
"5331689868343058","53316898683430583",3,yas mukeshbhai bagada,,Amreli,Amreli,13,Currently married,male,"Less than 1,20,000",No,pucca,no_disability,Yes,Yes,No,Currently married,,,No,,,,Amreli
"5331689869769289","53316898697692892",2,Vaghela Dhruv vipulbhai,,Amreli,Amreli,13,Never Married,male,"Less than 1,20,000",No,pucca,no_disability,Yes,Yes,No,Never Married,,,No,,,,Amreli
"11020101220","110201012202",2,chavda asmitaben sunilbhai,,Amreli,Amreli,34,Currently married,female,"Less than 1,20,000",No,pucca,no_disability,Yes,Yes,Yes,Currently married,,,No,,,,Amreli
"11020101220","110201012203",3,chavda Bhavin sunilbhai,,Amreli,Amreli,13,Never Married,male,"Less than 1,20,000",No,pucca,no_disability,Yes,Yes,No,Never Married,,,No,,,,Amreli
"11020101220","110201012204",4,chavda Drasti sunilbhai,,Amreli,Amreli,8,Never Married,female,"Less than 1,20,000",No,pucca,no_disability,Yes,No,No,Never Married,,,No,,,,Amreli
"11020101231","110201012315",5,sangitaben maheshbhai dabhi,,Amreli,Amreli,24,Currently married,female,"Less than 1,20,000",No,pucca,no_disability,Yes,Yes,Yes,Currently married,,,Yes,,,,Amreli
"11020101350","110201013507",7,talaviya hinaben hasmukhbhai,,Amreli,Amreli,42,Currently married,female,"Less than 1,20,000",No,pucca,no_disability,Yes,Yes,Yes,Currently married,,,Yes,,,,Amreli
"5331690292781292","53316902927812921",1,Bhesara manojbhai babubhai,,Amreli,Amreli,,,,"",,,,,,,,,,,,,,Amreli
"5331690292945188","53316902929451881",1,bhensara manojbhai babubhai,,Amreli,Amreli,40,Currently married,male,"Less than 1,20,000",No,pucca,no_disability,Yes,Yes,Yes,Currently married,,,No,,,,Amreli
"5331690292945188","53316902929451882",2,hetalben manojbhai bhesara,,Amreli,Amreli,39,Currently married,female,"Less than 1,20,000",No,pucca,no_disability,Yes,Yes,No,Currently married,,,No,,,,Amreli
"5331690292945188","53316902929451883",3,bhesara yas manojbhai,,Amreli,Amreli,12,Never Married,male,"Less than 1,20,000",No,pucca,no_disability,Yes,Yes,No,Never Married,,,No,,,,Amreli
"5331690292945188","53316902929451884",4,bhesara harshil manojbhai,,Amreli,Amreli,9,Never Married,male,"Less than 1,20,000",No,pucca,no_disability,No,No,No,Never Married,,,No,,,,Amreli
"5331690293527245","53316902935272451",1,dhadhukiya chandubhai jivrajbhai,,Amreli,Amreli,57,Currently married,male,"Less than 1,20,000",No,pucca,no_disability,Yes,Yes,Yes,Currently married,,,No,,,,Amreli
"5331690293527245","53316902935272452",2,dhadhukiya shardaben chandubhai,,Amreli,Amreli,55,Currently married,female,"Less than 1,20,000",No,pucca,no_disability,Yes,Yes,Yes,Currently married,,,No,,,,Amreli
"5331690293527245","53316902935272453",3,dhandhukiya ashokbhai chandubhai,,Amreli,Amreli,35,Currently married,male,"Less than 1,20,000",No,pucca,no_disability,Yes,Yes,Yes,Currently married,,,Yes,,,,Amreli
"5331690293527245","53316902935272454",4,meghaben ashokbhai dhandhukiya,,Amreli,Amreli,34,Currently married,female,"Less than 1,20,000",No,pucca,no_disability,Yes,Yes,Yes,Currently married,,,No,,,,Amreli
"5331690293527245","53316902935272455",5,dhandhukiya kunj Ashokbhai,,Amreli,Amreli,10,Never Married,male,"Less than 1,20,000",No,pucca,no_disability,Yes,No,No,Never Married,,,No,,,,Amreli
"5331690293527245","53316902935272456",6,dhadhukiya krunal ashokbhai,,Amreli,Amreli,14,Never Married,male,"Less than 1,20,000",No,pucca,no_disability,Yes,Yes,No,Never Married,,,No,,,,Amreli
"5331690375100143","53316903751001431",1,sumara altafbhai hasambhai,,Amreli,Amreli,49,Currently married,male,"Less than 1,20,000",No,pucca,no_disability,Yes,Yes,Yes,Currently married,,,No,,,,Amreli
"5331690375100143","53316903751001432",2,sumara jubedaben hasambhai,,Amreli,Amreli,63,widow_widower,female,"Less than 1,20,000",No,pucca,no_disability,Yes,Yes,Yes,widow_widower,,,No,,,,Amreli
"5331690375100143","53316903751001433",3,sumara aasifbhai altafbhai,,Amreli,Amreli,14,Never Married,male,"Less than 1,20,000",No,pucca,no_disability,Yes,Yes,No,Never Married,,,No,,,,Amreli
"5331690375100143","53316903751001434",4,sumara Salmaben altafbhai,,Amreli,Amreli,40,Currently married,female,"Less than 1,20,000",No,pucca,no_disability,Yes,Yes,Yes,Currently married,,,No,,,,Amreli
"5331690375100143","53316903751001435",5,sumara sohil altafbhai ,,Amreli,Amreli,15,Never Married,male,"Less than 1,20,000",No,pucca,no_disability,Yes,Yes,No,Never Married,,,No,,,,Amreli
"5331690339015044","53316903390150441",1,Ghoghari Altafbhai ismalbhai,,Amreli,Amreli,44,Currently married,male,"Less than 1,20,000",No,pucca,no_disability,Yes,Yes,Yes,Currently married,,,No,,,,Amreli
"5331690339015044","53316903390150442",2,Ghoghari rijvanaben Altafbhai,,Amreli,Amreli,41,Currently married,female,"Less than 1,20,000",No,pucca,no_disability,Yes,Yes,No,Currently married,,,No,,,,Amreli
"5331690339015044","53316903390150443",3,Ghoghari mustufa Altafbhai,,Amreli,Amreli,13,Never Married,male,"Less than 1,20,000",No,pucca,no_disability,Yes,Yes,No,Never Married,,,No,,,,Amreli
"5331690339015044","53316903390150444",4,ghoghari izahar Altafbhai,,Amreli,Amreli,10,Never Married,male,"Less than 1,20,000",No,pucca,no_disability,Yes,Yes,No,Never Married,,,No,,,,Amreli
"5331690339015044","53316903390150445",5,Ghoghari ismalbhai basubhai,,Amreli,Amreli,59,widow_widower,male,"Less than 1,20,000",No,pucca,no_disability,Yes,Yes,Yes,widow_widower,,,No,,,,Amreli
"5331690339015044","53316903390150446",6,ghoghari mubin Altafbhai,,Amreli,Amreli,15,Never Married,male,"Less than 1,20,000",No,pucca,no_disability,Yes,Yes,No,Never Married,,,No,,,,Amreli
"5331690459454126","53316904594541261",1,gohil kanabhai gabhabhai,,Amreli,Amreli,43,Currently married,male,"Less than 1,20,000",No,pucca,no_disability,Yes,Yes,Yes,Currently married,,,No,,,,Amreli
"5331690459454126","53316904594541262",2,gohil rekhaben kanabhai,,Amreli,Amreli,40,Currently married,female,"Less than 1,20,000",No,pucca,no_disability,Yes,Yes,Yes,Currently married,,,No,,,,Amreli
"5331690459454126","53316904594541263",3,dipali kanabhai gohil,,Amreli,Amreli,19,Never Married,female,"Less than 1,20,000",No,pucca,no_disability,Yes,Yes,No,Never Married,,,No,,,,Amreli
"5331690459454126","53316904594541264",4,gohil mital kanabhai,,Amreli,Amreli,18,Never Married,female,"Less than 1,20,000",No,pucca,no_disability,Yes,Yes,No,Never Married,,,No,,,,Amreli
"5331690459454126","53316904594541265",5,gohil paresh kanabhai,,Amreli,Amreli,14,Never Married,male,"Less than 1,20,000",No,pucca,no_disability,Yes,Yes,No,Never Married,,,No,,,,Amreli
"5331690459454126","53316904594541266",6,gohil gopal kanabhai ,,Amreli,Amreli,16,Never Married,male,"Less than 1,20,000",No,pucca,no_disability,Yes,Yes,No,Never Married,,,No,,,,Amreli
"11020101230","110201012304",4,devidas tulsidas Gondaliya,,Amreli,Amreli,40,Currently married,male,"Less than 1,20,000",No,pucca,no_disability,Yes,Yes,Yes,Currently married,,,No,,,,Amreli
"11020101230","110201012305",5,Godaliya kailas ben devidasbhai,,Amreli,Amreli,39,Currently married,female,"Less than 1,20,000",No,pucca,no_disability,Yes,Yes,Yes,Currently married,,,No,,,,Amreli
"11020101230","110201012306",6,baldev tulsidas Gondaliya,,Amreli,Amreli,33,Currently married,male,"Less than 1,20,000",No,pucca,no_disability,Yes,Yes,Yes,Currently married,,,No,,,,Amreli
"11020101230","110201012307",7,Gondaliya harshben baldevbhai,,Amreli,Amreli,28,Currently married,female,"Less than 1,20,000",No,pucca,no_disability,Yes,Yes,Yes,Currently married,,,No,,,,Amreli
"11020101230","110201012308",8,Gondaliya ansh Baldevbhai,,Amreli,Amreli,13,Never Married,male,"Less than 1,20,000",No,pucca,no_disability,Yes,No,No,Never Married,,,No,,,,Amreli
"5331690550213043","53316905502130431",1,dabasara manishbhai,,Amreli,Amreli,39,Currently married,male,"Less than 1,20,000",No,pucca,no_disability,Yes,Yes,Yes,Currently married,,,Yes,,,,Amreli
"11020101504","110201015044",4,kartik bakulbhai dabasara,,Amreli,Amreli,14,Never Married,male,"Less than 1,20,000",No,pucca,no_disability,Yes,Yes,No,Never Married,,,Yes,,,,Amreli
"11020101504","110201015045",5,bagasara dhruv Bakulbhai,,Amreli,Amreli,15,Currently married,male,"Less than 1,20,000",No,pucca,no_disability,Yes,Yes,No,Currently married,,,Yes,,,,Amreli
"5331690550213043","53316905502130432",2,dabasara dayaben manishbhai,,Amreli,Amreli,33,Currently married,female,"Less than 1,20,000",No,pucca,no_disability,Yes,Yes,No,Currently married,,,Yes,,,,Amreli
"5331690550213043","53316905502130433",3,dabasara Arman manishbhai,,Amreli,Amreli,13,Never Married,male,"Less than 1,20,000",No,pucca,no_disability,Yes,Yes,No,Never Married,,,Yes,,,,Amreli
"5331690550213043","53316905502130434",4,dabasara tamanna manishbhai,,Amreli,Amreli,11,Never Married,female,"Less than 1,20,000",No,pucca,no_disability,Yes,Yes,No,Never Married,,,Yes,,,,Amreli
"5331690551309822","53316905513098221",1,rajeshbhai bhikhabhai dabasara,,Amreli,Amreli,40,Currently married,male,"Less than 1,20,000",No,pucca,no_disability,Yes,Yes,Yes,Currently married,,,Yes,,,,Amreli
"5331690551309822","53316905513098222",2,dabasara parulben rajeshbhai,,Amreli,Amreli,39,Currently married,female,"Less than 1,20,000",No,pucca,no_disability,Yes,Yes,No,Currently married,,,Yes,,,,Amreli
"5331690551309822","53316905513098223",3,dabasara bhavdip rajeshbhai,,Amreli,Amreli,10,Never Married,male,"Less than 1,20,000",No,pucca,no_disability,Yes,Yes,No,Never Married,,,Yes,,,,Amreli
"5331690551309822","53316905513098224",4,dabasara khushalbhai rajeshbhai,,Amreli,Amreli,15,Never Married,male,"Less than 1,20,000",No,pucca,no_disability,Yes,Yes,No,Never Married,,,No,,,,Amreli
"5331690551309822","53316905513098225",5,Anamika rajeshbhai dabasara,,Amreli,Amreli,12,Never Married,female,"Less than 1,20,000",No,pucca,no_disability,Yes,Yes,No,Never Married,,,No,,,,Amreli
"5331690625340473","53316906253404731",1,bagada mukeshbhai meghajibhai,,Amreli,Amreli,39,Currently married,male,"Less than 1,20,000",No,pucca,no_disability,Yes,Yes,Yes,Currently married,,,No,,,,Amreli
"5331690625340473","53316906253404732",2,niruben mukeshbhai bagada,,Amreli,Amreli,38,Currently married,female,"Less than 1,20,000",No,pucca,no_disability,Yes,Yes,Yes,Currently married,,,No,,,,Amreli
"5331690625340473","53316906253404733",3,yas mukeshbhai bagada,,Amreli,Amreli,13,Never Married,male,"Less than 1,20,000",No,pucca,no_disability,Yes,Yes,No,Never Married,,,No,,,,Amreli
"11020101906","110201019065",5,sunitaben ashokbhai,,Amreli,Amreli,40,Currently married,female,"Less than 1,20,000",No,pucca,no_disability,Yes,Yes,Yes,Currently married,,,No,,,,Amreli
"11020101906","110201019066",6,rituben ashokbhai solanki,,Amreli,Amreli,15,Never Married,female,"Less than 1,20,000",No,pucca,no_disability,Yes,Yes,No,Never Married,,,No,,,,Amreli
"11020101906","110201019067",7,vishalbhai ashokbhai solanki,,Amreli,Amreli,22,Never Married,male,"Less than 1,20,000",No,pucca,no_disability,Yes,Yes,No,Never Married,,,No,,,,Amreli
"11020101906","110201019068",8,gangaben manandbhai solanki,,Amreli,Amreli,68,widow_widower,female,"Less than 1,20,000",No,pucca,no_disability,Yes,Yes,Yes,widow_widower,,,Yes,,,,Amreli
"5331690799773134","53316907997731341",1,gohil manishbhai amrabhai,,Amreli,Amreli,45,Currently married,male,"Less than 1,20,000",No,pucca,no_disability,Yes,Yes,Yes,Currently married,,,No,,,,Amreli
"5331690800853945","53316908008539451",1,neishadh prabhudasbhai chouhan,,Amreli,Amreli,46,Currently married,male,"Less than 1,20,000",No,pucca,no_disability,Yes,Yes,Yes,Currently married,,,No,,,,Amreli
"5331690801480051","53316908014800511",1,gohil rajeshbhai kantibhai,,Amreli,Amreli,45,Currently married,male,"Less than 1,20,000",No,pucca,no_disability,Yes,Yes,Yes,Currently married,,,No,,,,Amreli
"5331690799773134","53316907997731342",2,gohil kirankumar manishbhai ,,Amreli,Amreli,19,Never Married,male,"Less than 1,20,000",No,pucca,no_disability,Yes,Yes,No,Never Married,,,No,,,,Amreli
"5331690799773134","53316907997731343",3,gohil shardaben manishbhai,,Amreli,Amreli,41,Currently married,female,"Less than 1,20,000",No,pucca,no_disability,Yes,Yes,Yes,Currently married,,,No,,,,Amreli
"5331690799773134","53316907997731344",4,gohil mital manishbhai,,Amreli,Amreli,20,Never Married,female,"Less than 1,20,000",No,pucca,no_disability,Yes,Yes,Yes,Never Married,,,No,,,,Amreli
"5331690800853945","53316908008539452",2,chouhan nitaben neishadbhai,,Amreli,Amreli,41,Currently married,female,"Less than 1,20,000",No,pucca,no_disability,Yes,Yes,Yes,Currently married,,,Yes,,,,Amreli
"5331690800853945","53316908008539453",3,Bansal neishadbhai chouhan,,Amreli,Amreli,13,Never Married,male,"Less than 1,20,000",No,pucca,no_disability,Yes,Yes,No,Never Married,,,No,,,,Amreli
"5331690801480051","53316908014800512",2,gohil rekhaben rajeshbhai,,Amreli,Amreli,41,Currently married,female,"Less than 1,20,000",No,pucca,no_disability,Yes,Yes,Yes,Currently married,,,No,,,,Amreli
"5331690801480051","53316908014800513",3,jignasa rajeshbhai gohil,,Amreli,Amreli,16,Never Married,female,"Less than 1,20,000",No,pucca,no_disability,Yes,Yes,No,Never Married,,,No,,,,Amreli
"5331690801480051","53316908014800514",4,khushi rajeshbhai gohil,,Amreli,Amreli,16,Never Married,female,"Less than 1,20,000",No,pucca,no_disability,Yes,Yes,No,Never Married,,,No,,,,Amreli
"5331690804543105","53316908045431051",1,borisa  hiteshkumar manubhai,,Amreli,Amreli,45,Currently married,female,"Less than 1,20,000",No,pucca,no_disability,Yes,Yes,Yes,Currently married,,,No,,,,Amreli
"5331690805884081","53316908058840811",1,deepak vinodbhai pandya,,Amreli,Amreli,,,,"",,,,,,,,,,,,,,Amreli
"5331690806083659","53316908060836591",1,deepakbhai vinodbhai ,,Amreli,Amreli,52,Currently married,male,"Less than 1,20,000",No,pucca,no_disability,Yes,Yes,Yes,Currently married,,,No,,,,Amreli
"5331690804543105","53316908045431052",2,jayaben hiteshkumar borisa,,Amreli,Amreli,40,Currently married,female,"Less than 1,20,000",No,pucca,no_disability,Yes,Yes,Yes,Currently married,,,No,,,,Amreli
"5331690804543105","53316908045431053",3,ridhdhi hiteshkumar borisa,,Amreli,Amreli,16,Never Married,female,"Less than 1,20,000",No,pucca,no_disability,Yes,Yes,No,Never Married,,,No,,,,Amreli
"5331690804543105","53316908045431054",4,prapti hiteshkumar borisa,,Amreli,Amreli,8,Never Married,female,"Less than 1,20,000",No,pucca,no_disability,Yes,Yes,No,Never Married,,,No,,,,Amreli
"5331690806083659","53316908060836592",2,nrmesha deepakbhai pandya,,Amreli,Amreli,16,Never Married,female,"Less than 1,20,000",No,pucca,no_disability,Yes,Yes,No,Never Married,,,No,,,,Amreli
"5331690806083659","53316908060836593",3,pandya dharmraj deepakbhai,,Amreli,Amreli,10,Never Married,male,"Less than 1,20,000",No,pucca,no_disability,Yes,Yes,No,Never Married,,,No,,,,Amreli
"5331690806083659","53316908060836594",4,tarshika deepak pandya,,Amreli,Amreli,21,Never Married,female,"Less than 1,20,000",No,pucca,no_disability,Yes,Yes,Yes,Never Married,,,No,,,,Amreli
"5331690806083659","53316908060836595",5,jagruti deepak pandya,,Amreli,Amreli,40,Currently married,female,"Less than 1,20,000",No,pucca,no_disability,Yes,Yes,Yes,Currently married,,,No,,,,Amreli
"5331690634938608","53316906349386081",1,pansala soniyaben amitabhai,,Amreli,Amreli,35,widow_widower,female,"Less than 1,20,000",No,pucca,no_disability,Yes,Yes,Yes,widow_widower,,,No,,,,Amreli
"5331690794637583","53316907946375831",1,shailesh balubhai viradiya,,Amreli,Amreli,48,Currently married,male,"Less than 1,20,000",No,pucca,no_disability,Yes,Yes,Yes,Currently married,,,No,,,,Amreli
"5331690811293454","53316908112934541",1,manubhai hirjibhai vanani,,Amreli,Amreli,,,,"",,,,,,,,,,,,,,Amreli
"5331690811362464","53316908113624641",1,manubhai hirjibhai vanani,,Amreli,Amreli,74,Currently married,male,"Less than 1,20,000",No,pucca,no_disability,Yes,Yes,Yes,Currently married,,,Yes,,,,Amreli
"5331690812488664","53316908124886641",1,Rameshbhai najabhai makavana,,Amreli,Amreli,48,Currently married,male,"Less than 1,20,000",No,pucca,no_disability,Yes,Yes,Yes,Currently married,,,No,,,,Amreli
"5331690813564922","53316908135649221",1,Tushar bhai Vasantrai dholakiya,,Amreli,Amreli,43,Currently married,male,"Less than 1,20,000",No,pucca,no_disability,Yes,Yes,Yes,Currently married,,,No,,,,Amreli
"5331690634938608","53316906349386082",2,pansala priyaben Amit bhai,,Amreli,Amreli,15,Never Married,female,"Less than 1,20,000",No,pucca,no_disability,Yes,Yes,No,Never Married,,,No,,,,Amreli
"5331690634938608","53316906349386083",3,pansala Bipin bhai Amit bhai,,Amreli,Amreli,10,Never Married,male,"Less than 1,20,000",No,pucca,no_disability,Yes,Yes,No,Never Married,,,No,,,,Amreli
"5331690634938608","53316906349386084",4,pansala Divya Amit bhai,,Amreli,Amreli,13,Never Married,female,"Less than 1,20,000",No,pucca,no_disability,Yes,Yes,No,Never Married,,,No,,,,Amreli
"5331690794637583","53316907946375832",2,bhavnaben shaileshbhai viradiya,,Amreli,Amreli,46,Currently married,female,"Less than 1,20,000",No,pucca,no_disability,Yes,Yes,Yes,Currently married,,,No,,,,Amreli
"5331690794637583","53316907946375833",3,viradiya Aniket shailesh,,Amreli,Amreli,21,Never Married,male,"Less than 1,20,000",No,pucca,no_disability,Yes,Yes,No,Never Married,,,No,,,,Amreli
"5331690794637583","53316907946375834",4,viradiya sejalben shailesh bhai,,Amreli,Amreli,24,Never Married,female,"Less than 1,20,000",No,pucca,no_disability,Yes,Yes,Yes,Never Married,,,Yes,,,,Amreli
"5331690794637583","53316907946375835",5,mansiben shailesh viradiya,,Amreli,Amreli,17,Never Married,female,"Less than 1,20,000",No,pucca,no_disability,Yes,Yes,No,Never Married,,,No,,,,Amreli
"5331690811362464","53316908113624642",2,labhuben manubhai vanani,,Amreli,Amreli,72,Currently married,female,"Less than 1,20,000",No,pucca,no_disability,Yes,Yes,Yes,Currently married,,,Yes,,,,Amreli
"5331690811362464","53316908113624643",3,vanani hareshbhai manubhai,,Amreli,Amreli,42,Currently married,male,"Less than 1,20,000",No,pucca,no_disability,Yes,Yes,Yes,Currently married,,,Yes,,,,Amreli
"5331690811362464","53316908113624644",4,vanani punamben hareshbhai,,Amreli,Amreli,39,Currently married,female,"Less than 1,20,000",No,pucca,no_disability,Yes,Yes,Yes,Currently married,,,No,,,,Amreli
"5331690811362464","53316908113624645",5,vanani namrata hareshbhai,,Amreli,Amreli,23,Never Married,female,"Less than 1,20,000",No,pucca,no_disability,Yes,Yes,Yes,Never Married,,,No,,,,Amreli
"5331690811362464","53316908113624646",6,movlik hareshbhai vanani,,Amreli,Amreli,19,Never Married,male,"Less than 1,20,000",No,pucca,no_disability,Yes,Yes,Yes,Never Married,,,No,,,,Amreli
"5331690811362464","53316908113624647",7,Mohit hareshbhai vanani,,Amreli,Amreli,16,Never Married,male,"Less than 1,20,000",No,pucca,no_disability,Yes,Yes,No,Never Married,,,No,,,,Amreli
"5331690812488664","53316908124886642",2,Manjula ben Rameshbhai makavana,,Amreli,Amreli,48,Currently married,female,"Less than 1,20,000",No,pucca,no_disability,Yes,Yes,Yes,Currently married,,,No,,,,Amreli
"5331690812488664","53316908124886643",3,Dhaval Rameshbhai makavana,,Amreli,Amreli,21,Never Married,male,"Less than 1,20,000",No,pucca,no_disability,Yes,Yes,Yes,Never Married,,,No,,,,Amreli
"5331690812488664","53316908124886644",4,kesarben najabhai makavana,,Amreli,Amreli,84,widow_widower,female,"Less than 1,20,000",No,pucca,no_disability,Yes,Yes,Yes,widow_widower,,,No,,,,Amreli
"5331690812488664","53316908124886645",5,Kirti Rameshbhai makavana,,Amreli,Amreli,16,Never Married,female,"Less than 1,20,000",No,pucca,no_disability,Yes,Yes,No,Never Married,,,No,,,,Amreli
"5331690813564922","53316908135649222",2,ushaben tusharbhai dholakiya,,Amreli,Amreli,38,Currently married,female,"Less than 1,20,000",No,pucca,no_disability,Yes,Yes,Yes,Currently married,,,No,,,,Amreli
"5331690813564922","53316908135649223",3,dip tusharbhai dholakiya,,Amreli,Amreli,15,Never Married,male,"Less than 1,20,000",No,pucca,no_disability,Yes,Yes,No,Never Married,,,No,,,,Amreli
"5331690868984431","53316908689844311",1,solanki jatinbhai manshukhbhai,,Amreli,Amreli,45,Currently married,male,"Less than 1,20,000",No,pucca,no_disability,Yes,Yes,Yes,Currently married,,,Yes,,,,Amreli
"5331690868984431","53316908689844312",2,solanki mahekjatinbhai,,Amreli,Amreli,16,Never Married,female,"Less than 1,20,000",No,pucca,no_disability,Yes,Yes,Yes,Never Married,,,Yes,,,,Amreli
"5331690868984431","53316908689844313",3,solanki pragati jatinbhai,,Amreli,Amreli,19,Never Married,female,"Less than 1,20,000",No,pucca,no_disability,Yes,Yes,Yes,Never Married,,,Yes,,,,Amreli
"5331690868984431","53316908689844314",4,solanki Manishaben jatinbhai,,Amreli,Amreli,42,Currently married,female,"Less than 1,20,000",No,pucca,no_disability,Yes,Yes,Yes,Currently married,,,Yes,,,,Amreli
"5331690871943038","53316908719430381",1,bagada Mukesh Bhai dalabhai,,Amreli,Amreli,42,Currently married,male,"Less than 1,20,000",No,pucca,no_disability,Yes,Yes,Yes,Currently married,,,Yes,,,,Amreli
"11020101886","110201018864",4,Nishant Vasantbhai chavada,,Amreli,Amreli,21,Never Married,male,"Less than 1,20,000",No,pucca,no_disability,Yes,Yes,Yes,Never Married,,,No,,,,Amreli
"5331690871943038","53316908719430382",2,sneha Mukeshbhai bagada,,Amreli,Amreli,15,Never Married,female,"Less than 1,20,000",No,pucca,no_disability,Yes,Yes,No,Never Married,,,No,,,,Amreli
"5331690871943038","53316908719430383",3,bagada Sonal ben Mukeshbhai,,Amreli,Amreli,41,Currently married,female,"Less than 1,20,000",No,pucca,no_disability,Yes,Yes,Yes,Currently married,,,Yes,,,,Amreli
"5331690871943038","53316908719430384",4,bagada nirmalaben dalabhai,,Amreli,Amreli,58,widow_widower,female,"Less than 1,20,000",No,pucca,no_disability,Yes,Yes,Yes,widow_widower,,,Yes,,,,Amreli
"5331690873173796","53316908731737961",1,parmar sharadchand devjibhai,,Amreli,Amreli,56,Currently married,male,"Less than 1,20,000",No,pucca,no_disability,Yes,Yes,Yes,Currently married,,,No,,,,Amreli
"5331690873173796","53316908731737962",2,parmar Chandni sharadchandr,,Amreli,Amreli,16,Never Married,female,"Less than 1,20,000",No,pucca,no_disability,Yes,Yes,No,Never Married,,,No,,,,Amreli
"5331690873173796","53316908731737963",3,Parmar shitalben shardbhai,,Amreli,Amreli,37,Currently married,female,"Less than 1,20,000",No,pucca,no_disability,Yes,Yes,Yes,Currently married,,,No,,,,Amreli
"5331690873173796","53316908731737964",4,Vivek sharadbhai Parmar,,Amreli,Amreli,17,Never Married,male,"Less than 1,20,000",No,pucca,no_disability,Yes,Yes,No,Never Married,,,No,,,,Amreli
"5331690873173796","53316908731737965",5,Vanshika sharadbhai Parmar,,Amreli,Amreli,8,Never Married,female,"Less than 1,20,000",No,pucca,no_disability,Yes,Yes,No,Never Married,,,No,,,,Amreli
"5331690874295894","53316908742958941",1,Bhatt narendrabhai mansukhbhai,,Amreli,Amreli,48,Currently married,male,"Less than 1,20,000",No,pucca,no_disability,Yes,Yes,Yes,Currently married,,,No,,,,Amreli
"5331690874295894","53316908742958942",2,Bhatt trupti ben narendr bhai,,Amreli,Amreli,36,Currently married,female,"Less than 1,20,000",No,pucca,no_disability,Yes,Yes,Yes,Currently married,,,No,,,,Amreli
"5331690874295894","53316908742958943",3,Bhatt dharmik narendrabhai,,Amreli,Amreli,16,Never Married,male,"Less than 1,20,000",No,pucca,no_disability,Yes,Yes,No,Never Married,,,No,,,,Amreli
"5331690880694500","53316908806945001",1,harshad bhai nanjibhai jethava,,Amreli,Amreli,46,Currently married,male,"Less than 1,20,000",No,pucca,no_disability,Yes,Yes,Yes,Currently married,,,No,,,,Amreli
"5331690880694500","53316908806945002",2,jethava mirali harshadbhai,,Amreli,Amreli,20,Never Married,female,"Less than 1,20,000",No,pucca,no_disability,Yes,Yes,Yes,Never Married,,,No,,,,Amreli
"5331690880694500","53316908806945003",3,rucha harshadbhai jethava,,Amreli,Amreli,18,Never Married,female,"Less than 1,20,000",No,pucca,no_disability,Yes,Yes,No,Never Married,,,No,,,,Amreli
"5331690880694500","53316908806945004",4,yashvi harshad bhai jethava,,Amreli,Amreli,15,Never Married,female,"Less than 1,20,000",No,pucca,no_disability,Yes,Yes,No,Never Married,,,No,,,,Amreli
"5331690880694500","53316908806945005",5,Priti ben harshadbhai jethava,,Amreli,Amreli,43,Currently married,female,"Less than 1,20,000",No,pucca,no_disability,Yes,Yes,Yes,Currently married,,,No,,,,Amreli
"5331690881991243","53316908819912431",1,kundnani rajeshbhai chandubhai,,Amreli,Amreli,48,Currently married,male,"Less than 1,20,000",No,pucca,no_disability,Yes,Yes,Yes,Currently married,,,No,,,,Amreli
"5331690881991243","53316908819912432",2,kundanani simranben rajeshbhai,,Amreli,Amreli,45,Currently married,female,"Less than 1,20,000",No,pucca,no_disability,Yes,Yes,Yes,Currently married,,,No,,,,Amreli
"5331690881991243","53316908819912433",3,mit rajeshkumar kundnani,,Amreli,Amreli,15,Never Married,male,"Less than 1,20,000",No,pucca,no_disability,Yes,Yes,No,Never Married,,,No,,,,Amreli
"5331690882965712","53316908829657121",1,Bhatt arvindbhai mansukhbhai,,Amreli,Amreli,50,Currently married,male,"Less than 1,20,000",No,pucca,no_disability,Yes,Yes,Yes,Currently married,,,No,,,,Amreli
"5331690882965712","53316908829657122",2,Bhatt nitaben arvindbhai ,,Amreli,Amreli,43,Currently married,female,"Less than 1,20,000",No,pucca,no_disability,Yes,Yes,Yes,Currently married,,,No,,,,Amreli
"5331690882965712","53316908829657123",3,Bhatt ridhidhi arvindbhai,,Amreli,Amreli,20,Never Married,female,"Less than 1,20,000",No,pucca,no_disability,Yes,Yes,No,Never Married,,,No,,,,Amreli
"5331690882965712","53316908829657124",4,Bhatt dhru arvindbhai ,,Amreli,Amreli,9,Never Married,male,"Less than 1,20,000",No,pucca,no_disability,Yes,Yes,No,Never Married,,,No,,,,Amreli
"5331690882965712","53316908829657125",5,Bhatt sachi arvindbhai ,,Amreli,Amreli,16,Never Married,female,"Less than 1,20,000",No,pucca,no_disability,Yes,Yes,No,Never Married,,,No,,,,Amreli
"5331690886075195","53316908860751951",1,makavana manhar jadavbhai,,Amreli,Amreli,35,Currently married,male,"Less than 1,20,000",No,pucca,no_disability,Yes,Yes,Yes,Currently married,,,Yes,,,,Amreli
"5331690886075195","53316908860751952",2,meet manharbhai makavana,,Amreli,Amreli,8,Never Married,male,"Less than 1,20,000",No,pucca,no_disability,Yes,Yes,Yes,Never Married,,,Yes,,,,Amreli
"5331690886075195","53316908860751953",3,manishaben manharbhai makwana,,Amreli,Amreli,32,Currently married,male,"Less than 1,20,000",No,pucca,no_disability,Yes,Yes,Yes,Currently married,,,Yes,,,,Amreli
"5331690886075195","53316908860751954",4,rohan manharbhai makwana,,Amreli,Amreli,14,Never Married,male,"Less than 1,20,000",No,pucca,no_disability,Yes,Yes,No,Never Married,,,Yes,,,,Amreli
"11020101232","110201012325",5,kundanben chandubhai mesavaniya,,Amreli,Amreli,58,widow_widower,female,"Less than 1,20,000",No,pucca,no_disability,Yes,Yes,Yes,widow_widower,,,Yes,,,,Amreli
"11020101232","110201012326",6,vijaybhai chandubhai mesvaniya,,Amreli,Amreli,34,Currently married,male,"Less than 1,20,000",No,pucca,no_disability,Yes,Yes,Yes,Currently married,,,Yes,,,,Amreli
"5331690976157494","53316909761574941",1,ghoghari dhanjibhai vallbhbhai ,,Amreli,Amreli,48,Currently married,male,"Less than 1,20,000",No,kaccha,no_disability,Yes,Yes,Yes,Currently married,,,No,,,,Amreli
"5331690976157494","53316909761574942",2,manjulaben dhanjibhai ghoghari,,Amreli,Amreli,46,Currently married,female,"Less than 1,20,000",No,pucca,no_disability,Yes,Yes,Yes,Currently married,,,Yes,,,,Amreli
"5331690976157494","53316909761574943",3,ghoghari jemin dhanjibhai ,,Amreli,Amreli,16,Never Married,male,"Less than 1,20,000",No,pucca,no_disability,Yes,Yes,No,Never Married,,,Yes,,,,Amreli
"5331690976157494","53316909761574944",4,ghoghari abhay dhanjibhai ,,Amreli,Amreli,21,Never Married,male,"Less than 1,20,000",No,pucca,no_disability,Yes,Yes,No,Never Married,,,Yes,,,,Amreli
"11020101559","110201015594",4,devansi maheshbhai dabhi,,Amreli,Amreli,10,Never Married,male,"Less than 1,20,000",No,pucca,no_disability,Yes,Yes,No,Never Married,,,No,,,,Amreli
"11020101559","110201015595",5,mitalben Maheshbhai dabhi,,Amreli,Amreli,17,Never Married,female,"Less than 1,20,000",No,pucca,no_disability,Yes,Yes,No,Never Married,,,Yes,,,,Amreli
"11020101559","110201015596",6,kasiben chanabhai dabhi,,Amreli,Amreli,74,widow_widower,female,"Less than 1,20,000",No,pucca,no_disability,Yes,Yes,Yes,widow_widower,,,Yes,,,,Amreli
"11020101559","110201015597",7,manishaben chanabhai dabhi,,Amreli,Amreli,32,Never Married,female,"Less than 1,20,000",No,pucca,no_disability,Yes,Yes,No,Never Married,,,Yes,,,,Amreli
"5331691045928682","53316910459286821",1,godaliya Baldevbhai tulshibhai,,Amreli,Amreli,,,,"",,,,,,,,,,,,,,Amreli
"5331691066776467","53316910667764671",1,godaliya Baldevbhai tulshibhai,,Amreli,Amreli,36,Currently married,male,"Less than 1,20,000",No,pucca,no_disability,Yes,Yes,Yes,Currently married,,,Yes,,,,Amreli
"5331691066776467","53316910667764673",3,godaliya Harsha ben Baldevbhai,,Amreli,Amreli,34,Currently married,female,"Less than 1,20,000",No,pucca,no_disability,Yes,Yes,Yes,Currently married,,,Yes,,,,Amreli
"5331691066776467","53316910667764672",2,godaliya aansh Baldevbhai,,Amreli,Amreli,13,Never Married,male,"Less than 1,20,000",No,pucca,no_disability,Yes,Yes,No,Never Married,,,Yes,,,,Amreli
"5331691070975399","53316910709753991",1,dholakiya karshanbhai mandanbhai,,Amreli,Amreli,74,Currently married,male,"Less than 1,20,000",No,pucca,no_disability,Yes,Yes,Yes,Currently married,,,Yes,,,,Amreli
"5331691070975399","53316910709753992",2,dholakiya jituben karshanbhai,,Amreli,Amreli,68,Currently married,female,"Less than 1,20,000",No,pucca,no_disability,Yes,Yes,Yes,Currently married,,,Yes,,,,Amreli
"5331691070975399","53316910709753993",3,dhadhukiya dikshit kanubhai,,Amreli,Amreli,16,Never Married,male,"Less than 1,20,000",No,pucca,no_disability,Yes,Yes,No,Never Married,,,Yes,,,,Amreli
"5331691070975399","53316910709753994",4,Chetan bhai kanubhai dholakiya,,Amreli,Amreli,11,Never Married,male,"Less than 1,20,000",No,pucca,no_disability,Yes,Yes,No,Never Married,,,Yes,,,,Amreli
"5331691070975399","53316910709753995",5,kanubhai karshanbhai dholakiya,,Amreli,Amreli,43,Currently married,male,"Less than 1,20,000",No,pucca,no_disability,Yes,Yes,No,Currently married,,,Yes,,,,Amreli
"5331691070975399","53316910709753996",6,rekhaben kanubhai dholakiya,,Amreli,Amreli,39,Currently married,female,"Less than 1,20,000",No,pucca,no_disability,Yes,Yes,Yes,Currently married,,,Yes,,,,Amreli
"5331691072567613","53316910725676131",1,erfanbhai harubhai nagani,,Amreli,Amreli,46,Currently married,male,"Less than 1,20,000",No,pucca,no_disability,Yes,Yes,Yes,Currently married,,,Yes,,,,Amreli
"5331691072567613","53316910725676132",2,gulsanben iefanbhai nagani,,Amreli,Amreli,44,Currently married,female,"Less than 1,20,000",No,pucca,no_disability,Yes,Yes,Yes,Currently married,,,Yes,,,,Amreli
"5331691072567613","53316910725676133",3,jarinaben harunbhai nagani,,Amreli,Amreli,80,Never Married,female,"Less than 1,20,000",No,pucca,no_disability,Yes,Yes,No,Never Married,,,Yes,,,,Amreli
"5331691072567613","53316910725676134",4,harsnain irfanbhai nagani,,Amreli,Amreli,10,Never Married,female,"Less than 1,20,000",No,pucca,no_disability,Yes,Yes,No,Never Married,,,Yes,,,,Amreli
"5331691072567613","53316910725676135",5,shahejad Irfan bhai nagani,,Amreli,Amreli,19,Never Married,male,"Less than 1,20,000",No,pucca,no_disability,Yes,Yes,No,Never Married,,,Yes,,,,Amreli
"5331691471596553","53316914715965531",1,lodariya Dinesh gobarbhai,,Amreli,Amreli,42,Currently married,male,"Less than 1,20,000",No,pucca,no_disability,Yes,Yes,Yes,Currently married,,,Yes,,,,Amreli
"5331691471596553","53316914715965532",2,Ketan bhai Dinesh bhai lodariya,,Amreli,Amreli,16,Never Married,male,"Less than 1,20,000",No,pucca,no_disability,Yes,Yes,Yes,Never Married,,,Yes,,,,Amreli
"5331691488152610","53316914881526101",1,rajvirsih pranavsih Bhandariya ,,Amreli,Amreli,37,Currently married,male,"Less than 1,20,000",No,pucca,no_disability,Yes,Yes,Yes,Currently married,,,Yes,,,,Amreli
"5331691487068594","53316914870685941",1,kalena vipulbhai mangbhai,,Amreli,Amreli,44,Currently married,male,"Less than 1,20,000",No,pucca,no_disability,Yes,Yes,Yes,Currently married,,,Yes,,,,Amreli
"5331691487068594","53316914870685942",2,kalena Sujal kumar,,Amreli,Amreli,14,Never Married,male,"Less than 1,20,000",No,pucca,no_disability,Yes,Yes,Yes,Never Married,,,Yes,,,,Amreli
"5331691573466801","53316915734668011",1,hirenbhai tarunbhai borisa,,Amreli,Amreli,37,Currently married,male,"Less than 1,20,000",No,pucca,no_disability,Yes,Yes,Yes,Currently married,,,Yes,,,,Amreli
"5331691575250733","53316915752507331",1,Vipul meghjibhai dabhi,,Amreli,Amreli,30,Currently married,male,"Less than 1,20,000",No,pucca,no_disability,Yes,Yes,Yes,Currently married,,,Yes,,,,Amreli
"5331691576068283","53316915760682831",1,santush nareshbhai tamatta,,Amreli,Amreli,,,,"",,,,,,,,,,,,,,Amreli
"5331691576201722","53316915762017221",1,santush nareshbhai tamatta,,Amreli,Amreli,29,Currently married,male,"Less than 1,20,000",No,pucca,no_disability,Yes,Yes,Yes,Currently married,,,Yes,,,,Amreli
"11020101052","110201010526",6,ghoghari kantibhai,,Amreli,Amreli,58,Currently married,male,"Less than 1,20,000",No,pucca,no_disability,Yes,Yes,Yes,Currently married,,,Yes,,,,Amreli
"5331691575250733","53316915752507332",2,Parul Vipul Bhai dabhi,,Amreli,Amreli,29,Currently married,female,"Less than 1,20,000",No,pucca,no_disability,Yes,Yes,Yes,Currently married,,,Yes,,,,Amreli
"5331691576201722","53316915762017222",2,ridhyam santush tamatta,,Amreli,Amreli,5,Never Married,male,"Less than 1,20,000",No,pucca,no_disability,Yes,No,No,Never Married,,,Yes,,,,Amreli
"5331691576201722","53316915762017223",3,puja santush tamatta,,Amreli,Amreli,25,Currently married,female,"Less than 1,20,000",No,pucca,no_disability,Yes,Yes,Yes,Currently married,,,Yes,,,,Amreli
"5331691577152394","53316915771523941",1,Rajeshbhai parbatbhai chodvadiy,,Amreli,Amreli,43,widow_widower,male,"Less than 1,20,000",No,pucca,no_disability,Yes,Yes,Yes,widow_widower,,,Yes,,,,Amreli
"5331691601119425","53316916011194251",1,dineshbhai nanjibhai Rathod,,Amreli,Amreli,55,Currently married,male,"Less than 1,20,000",No,pucca,no_disability,Yes,Yes,Yes,Currently married,,,Yes,,,,Amreli
"5331691606588448","53316916065884481",1,sanjaybhai ramanikbhai Parmar,,Amreli,Amreli,40,Currently married,male,"Less than 1,20,000",No,pucca,no_disability,Yes,Yes,Yes,Currently married,,,Yes,,,,Amreli
"5331691635517905","53316916355179051",1,Nareshbhai Hira Bhai Chouhan,,Amreli,Amreli,41,Currently married,male,"Less than 1,20,000",No,pucca,no_disability,Yes,Yes,Yes,Currently married,,,Yes,,,,Amreli
"5331691637168074","53316916371680741",1,Vijay Bhai natavarlala bhadigji,,Amreli,Amreli,44,Currently married,male,"Less than 1,20,000",No,pucca,no_disability,Yes,Yes,Yes,Currently married,,,Yes,,,,Amreli
"5331691637935845","53316916379358451",1,Sureshbhai naranbhai Parmar,,Amreli,Amreli,40,Currently married,male,"Less than 1,20,000",No,pucca,no_disability,Yes,Yes,Yes,Currently married,,,Yes,,,,Amreli
"5331691642815265","53316916428152651",1,Vipul Bhai dhanji Bhai dabhi,,Amreli,Amreli,42,Currently married,male,"Less than 1,20,000",No,pucca,no_disability,Yes,Yes,Yes,Currently married,,,Yes,,,,Amreli
"5331691654544860","53316916545448601",1,gunvant Vallabh Bhai kalena,,Amreli,Amreli,41,Currently married,male,"Less than 1,20,000",No,pucca,no_disability,Yes,Yes,Yes,Currently married,,,Yes,,,,Amreli
"5331691655632731","53316916556327311",1,aminbhai shilubhai dal,,Amreli,Amreli,42,Currently married,male,"Less than 1,20,000",No,pucca,no_disability,Yes,Yes,Yes,Currently married,,,Yes,,,,Amreli
"5331691577152394","53316915771523943",3,sodavadiya rudra Rajesh,,Amreli,Amreli,14,Never Married,male,"Less than 1,20,000",No,pucca,no_disability,Yes,Yes,No,Never Married,Don't know,,Yes,,,,Amreli
"5331691577152394","53316915771523942",2,palak rajubhai sodavadiya,,Amreli,Amreli,17,Never Married,female,"Less than 1,20,000",No,pucca,no_disability,Yes,Yes,No,Never Married,,,Yes,,,,Amreli
"5331691606588448","53316916065884482",2,jyotiben sanjaybhai Parmar,,Amreli,Amreli,37,Currently married,female,"Less than 1,20,000",No,pucca,no_disability,Yes,Yes,Yes,Currently married,,,Yes,,,,Amreli
"5331691606588448","53316916065884483",3,Bhargav Sanjay Bhai parmar,,Amreli,Amreli,16,Never Married,male,"Less than 1,20,000",No,pucca,no_disability,Yes,Yes,No,Never Married,,,Yes,,,,Amreli
"5331691606588448","53316916065884484",4,prins sanjaybhai Parmar,,Amreli,Amreli,13,Never Married,male,"Less than 1,20,000",No,pucca,no_disability,Yes,Yes,No,Never Married,,,Yes,,,,Amreli
"5331691635517905","53316916355179052",2,manishaben Naresh Bhai Chouhan,,Amreli,Amreli,43,Currently married,female,"Less than 1,20,000",No,pucca,no_disability,Yes,Yes,Yes,Currently married,,,Yes,,,,Amreli
"5331691637935845","53316916379358452",2,Sumit Sureshbhai parmar,,Amreli,Amreli,16,Never Married,male,"Less than 1,20,000",No,pucca,no_disability,Yes,Yes,No,Never Married,,,Yes,,,,Amreli
"5331691637935845","53316916379358453",3,bhavnaben Sureshbhai parmar,,Amreli,Amreli,37,Currently married,female,"Less than 1,20,000",No,pucca,no_disability,Yes,Yes,Yes,Currently married,,,Yes,,,,Amreli
"5331691637935845","53316916379358454",4,jasmi Sureshbhai parmar,,Amreli,Amreli,19,Never Married,female,"Less than 1,20,000",No,pucca,no_disability,Yes,Yes,Yes,Never Married,,,Yes,,,,Amreli
"5331691654544860","53316916545448602",2,rina Ben gunvant Bhai kalena,,Amreli,Amreli,38,Currently married,female,"Less than 1,20,000",No,pucca,no_disability,Yes,Yes,Yes,Currently married,,,Yes,,,,Amreli
"5331691654544860","53316916545448603",3,Bhumi gunvant Bhai kalena,,Amreli,Amreli,17,Never Married,female,"Less than 1,20,000",No,pucca,no_disability,Yes,Yes,Yes,Never Married,,,Yes,,,,Amreli
"5331691655632731","53316916556327312",2,hajaraben aminbhai dal,,Amreli,Amreli,40,Currently married,female,"Less than 1,20,000",No,pucca,no_disability,Yes,Yes,Yes,Currently married,,,Yes,,,,Amreli
"5331691655632731","53316916556327313",3,shahidbhai aminbhai dal,,Amreli,Amreli,17,Never Married,male,"Less than 1,20,000",No,pucca,no_disability,Yes,Yes,No,Never Married,,,Yes,,,,Amreli
"5331691655632731","53316916556327314",4,aaliyana Amin Bhai dal,,Amreli,Amreli,10,Never Married,female,"Less than 1,20,000",No,pucca,no_disability,Yes,Yes,No,Never Married,,,Yes,,,,Amreli
"5331691657551333","53316916575513331",1,Gohil jentibhai ratnabhai,,Amreli,Amreli,48,Currently married,male,"Less than 1,20,000",No,pucca,no_disability,Yes,Yes,Yes,Currently married,,,Yes,,,,Amreli
"5331691657551333","53316916575513332",2,jentibhai ratnabhai Gohil,,Amreli,Amreli,48,,,"",No,,,No,No,No,,,,No,,,,Amreli
"5331691657551333","53316916575513333",3,jemin jayantibhai Gohil,,Amreli,Amreli,13,Never Married,male,"Less than 1,20,000",No,pucca,no_disability,Yes,Yes,No,Never Married,,,Yes,,,,Amreli
"5331691657551333","53316916575513334",4,manjula Ben jentibhai Gohil,,Amreli,Amreli,46,Currently married,female,"Less than 1,20,000",No,pucca,no_disability,Yes,Yes,Yes,Currently married,,,Yes,,,,Amreli
"5331691657551333","53316916575513335",5,parmita jentibhai Gohil,,Amreli,Amreli,6,Never Married,female,"Less than 1,20,000",No,pucca,no_disability,Yes,No,No,Never Married,,,Yes,,,,Amreli
"5331691674367253","53316916743672531",1,ghanshyam bhai devjibhai kanak,,Amreli,Amreli,40,Currently married,male,"Less than 1,20,000",No,pucca,no_disability,Yes,Yes,Yes,Currently married,,,Yes,,,,Amreli
"5331691674367253","53316916743672532",2,jagrutiben ghanshyam bhai kanak,,Amreli,Amreli,43,Currently married,female,"Less than 1,20,000",No,pucca,no_disability,Yes,Yes,Yes,Currently married,,,Yes,,,,Amreli
"5331691827798975","53316918277989751",1,kanak ghanshyam bhai devjibhai,,Amreli,Amreli,40,Currently married,male,"Less than 1,20,000",No,pucca,no_disability,Yes,Yes,Yes,Currently married,,,No,,,,Amreli
"5331691828573083","53316918285730831",1,godaliya Manishbhai Raghuram bhai,,Amreli,Amreli,40,Currently married,male,"Less than 1,20,000",No,pucca,no_disability,Yes,Yes,Yes,Currently married,,,No,,,,Amreli
"5331691829302176","53316918293021761",1,laljibhai Babubhai Sarvaiya,,Amreli,Amreli,48,Currently married,male,"Less than 1,20,000",No,pucca,no_disability,Yes,Yes,Yes,Currently married,,,No,,,,Amreli
"5331691827798975","53316918277989752",2,jagrutiben ghanshyam bhai kanak,,Amreli,Amreli,39,Currently married,female,"Less than 1,20,000",No,pucca,no_disability,Yes,Yes,Yes,Currently married,,,No,,,,Amreli
"5331691827798975","53316918277989753",3,dharmik ghanshyam Kanak,,Amreli,Amreli,12,Never Married,male,"Less than 1,20,000",No,pucca,no_disability,Yes,Yes,No,Never Married,,,No,,,,Amreli
"5331691827798975","53316918277989754",4,dishant ghanshyam bhai kanak,,Amreli,Amreli,16,Never Married,male,"Less than 1,20,000",No,pucca,no_disability,Yes,Yes,No,Never Married,,,No,,,,Amreli
"5331691828573083","53316918285730832",2,godaliya Ranjanben Manishbhai,,Amreli,Amreli,39,Currently married,female,"Less than 1,20,000",No,pucca,no_disability,Yes,Yes,Yes,Currently married,,,No,,,,Amreli
"5331691828573083","53316918285730833",3,kaushal Manishbhai godaliya,,Amreli,Amreli,11,Never Married,male,"Less than 1,20,000",No,pucca,no_disability,Yes,No,No,Never Married,,,No,,,,Amreli
"5331691828573083","53316918285730834",4,godaliya aaryan Manishbhai ,,Amreli,Amreli,13,Never Married,male,"Less than 1,20,000",No,pucca,no_disability,Yes,Yes,No,Never Married,,,No,,,,Amreli
"5331691829302176","53316918293021762",2,kundanben laljibhai Sarvaiya,,Amreli,Amreli,47,Currently married,female,"Less than 1,20,000",No,pucca,no_disability,Yes,Yes,Yes,Currently married,,,Yes,,,,Amreli
"5331691829302176","53316918293021763",3,Aaryan laljibhai Sarvaiya,,Amreli,Amreli,15,Never Married,male,"Less than 1,20,000",No,pucca,no_disability,Yes,Yes,No,Never Married,,,No,,,,Amreli
"5331691829302176","53316918293021764",4,Radhika laljibhai Sarvaiya,,Amreli,Amreli,18,Never Married,female,"Less than 1,20,000",No,pucca,no_disability,Yes,Yes,No,Never Married,,,No,,,,Amreli
"5331691829302176","53316918293021765",5,Ronak laljibhai Sarvaiya,,Amreli,Amreli,20,Never Married,male,"Less than 1,20,000",No,pucca,no_disability,Yes,Yes,Yes,Never Married,,,No,,,,Amreli
"5331691830770583","53316918307705831",1,pokal Arvind Vallabh Bhai,,Amreli,Amreli,54,Currently married,male,"Less than 1,20,000",No,pucca,no_disability,Yes,Yes,Yes,Currently married,,,Yes,,,,Amreli
"5331691830770583","53316918307705832",2,gitaben arvind Bhai pokal,,Amreli,Amreli,52,Currently married,female,"Less than 1,20,000",No,pucca,no_disability,Yes,Yes,Yes,Currently married,,,Yes,,,,Amreli
"5331691830770583","53316918307705833",3,fenil Arvind pokal,,Amreli,Amreli,14,Never Married,male,"Less than 1,20,000",No,pucca,no_disability,Yes,Yes,No,Never Married,,,Yes,,,,Amreli
"5331691832354765","53316918323547651",1,khokhar Bharat Bhai mansukhbhai,,Amreli,Amreli,42,Currently married,male,"Less than 1,20,000",No,pucca,no_disability,Yes,Yes,Yes,Currently married,,,Yes,,,,Amreli
"5331691832354765","53316918323547652",2,khokhar induben vijaybhai,,Amreli,Amreli,36,widow_widower,female,"Less than 1,20,000",No,pucca,no_disability,Yes,Yes,Yes,widow_widower,,,Yes,,,,Amreli
"5331691832354765","53316918323547653",3,ansha vijaybhai khokhar,,Amreli,Amreli,10,Never Married,male,"Less than 1,20,000",No,pucca,no_disability,Yes,Yes,No,Never Married,,,Yes,,,,Amreli
"5331691832354765","53316918323547654",4,vraj Bharat Bhai khokhar,,Amreli,Amreli,15,Never Married,male,"Less than 1,20,000",No,pucca,no_disability,Yes,Yes,No,Never Married,,,Yes,,,,Amreli
"5331691832354765","53316918323547655",5,manishaben Bharat Bhai khokhar,,Amreli,Amreli,38,Currently married,female,"Less than 1,20,000",No,pucca,no_disability,Yes,Yes,Yes,Currently married,,,Yes,,,,Amreli
"5331691832354765","53316918323547656",6,darshika Bharat Bhai khokhar,,Amreli,Amreli,20,Never Married,female,"Less than 1,20,000",No,pucca,no_disability,Yes,Yes,Yes,Never Married,,,Yes,,,,Amreli
"5331691979214449","53316919792144491",1,kalena Bhavesh Bhai manubhai,,Amreli,Amreli,35,Currently married,male,"Less than 1,20,000",No,pucca,no_disability,Yes,Yes,Yes,Currently married,,,Yes,,,,Amreli
"5331692153648923","53316921536489231",1,Parmar jethasur bhai meghjibhai,,Amreli,Amreli,,,,"",,,,,,,,,,,,,,Amreli
"5331692153849576","53316921538495761",1,jethasur bhai meghjibhai Parmar,,Amreli,Amreli,38,Currently married,male,"Less than 1,20,000",No,pucca,no_disability,Yes,Yes,Yes,Currently married,,,Yes,,,,Amreli
"5331692155934833","53316921559348331",1,savitaben Vallabh Bhai hirapara,,Amreli,Amreli,60,widow_widower,male,"Less than 1,20,000",No,pucca,no_disability,Yes,Yes,Yes,widow_widower,,,Yes,,,,Amreli
"5331691979214449","53316919792144492",2,manishaben bhaveshbhai kalena,,Amreli,Amreli,34,Currently married,female,"Less than 1,20,000",No,pucca,no_disability,Yes,Yes,Yes,Currently married,,,Yes,,,,Amreli
"5331691979214449","53316919792144493",3,jayaben kanubhai kalena,,Amreli,Amreli,70,widow_widower,female,"Less than 1,20,000",No,pucca,no_disability,Yes,Yes,Yes,widow_widower,,,Yes,,,,Amreli
"5331691979214449","53316919792144494",4,jenish bhaveshbhai kalena,,Amreli,Amreli,13,Never Married,male,"Less than 1,20,000",No,pucca,no_disability,Yes,Yes,No,Never Married,,,Yes,,,,Amreli
"11020101484","110201014845",5,dhanjibhai nanjibhai kalena,,Amreli,Amreli,67,Currently married,male,"Less than 1,20,000",No,pucca,no_disability,Yes,Yes,Yes,Currently married,,,No,,,,Amreli
"11020101484","110201014846",6,jivatiben dhanjibhai kalena,,Amreli,Amreli,65,Currently married,female,"Less than 1,20,000",No,pucca,no_disability,Yes,Yes,Yes,Currently married,,,No,,,,Amreli
"5331692153849576","53316921538495762",2,sitaben jethasur bhai Parmar,,Amreli,Amreli,38,Currently married,female,"Less than 1,20,000",No,pucca,no_disability,Yes,Yes,Yes,Currently married,,,Yes,,,,Amreli
"5331692153849576","53316921538495763",3,Sahil jethasur bhai Parmar,,Amreli,Amreli,16,Never Married,male,"Less than 1,20,000",No,pucca,no_disability,Yes,Yes,No,Never Married,,,Yes,,,,Amreli
"5331692153849576","53316921538495764",4,Nilesh jethasur bhai Parmar,,Amreli,Amreli,18,Never Married,male,"Less than 1,20,000",No,pucca,no_disability,Yes,Yes,No,Never Married,,,Yes,,,,Amreli
"5331692153849576","53316921538495765",5,Harshita jethasur bhai Parmar,,Amreli,Amreli,17,Never Married,female,"Less than 1,20,000",No,pucca,no_disability,Yes,Yes,No,Never Married,,,Yes,,,,Amreli
"5331692155934833","53316921559348332",2,Koushal lalitbhai hirapara,,Amreli,Amreli,13,Never Married,male,"Less than 1,20,000",No,pucca,no_disability,Yes,Yes,No,Never Married,,,Yes,,,,Amreli
"5331692155934833","53316921559348333",3,lalitbhai Vallabh Bhai hirapara,,Amreli,Amreli,39,Currently married,male,"Less than 1,20,000",No,pucca,no_disability,Yes,Yes,Yes,Currently married,,,Yes,,,,Amreli
"5331692155934833","53316921559348334",4,Darshana Lalit Bhai hirapara,,Amreli,Amreli,38,Currently married,female,"Less than 1,20,000",No,pucca,no_disability,Yes,Yes,Yes,Currently married,,,Yes,,,,Amreli
"5331692155934833","53316921559348335",5,hetvi lalitbhai hirapara,,Amreli,Amreli,8,Never Married,female,"Less than 1,20,000",No,pucca,no_disability,Yes,No,No,Never Married,,,Yes,,,,Amreli
"5331692155934833","53316921559348336",6,bhaveshbhai Vallabh Bhai hirapara,,Amreli,Amreli,37,Never Married,male,"Less than 1,20,000",No,pucca,no_disability,Yes,Yes,Yes,Never Married,,,Yes,,,,Amreli
"5331692174460296","53316921744602961",1,rakeshbhai maganbhai Rathod,,Amreli,Amreli,36,Currently married,male,"Less than 1,20,000",No,pucca,no_disability,Yes,Yes,Yes,Currently married,,,No,,,,Amreli
"5331692175037281","53316921750372811",1,manishaben bharatbhai makavana,,Amreli,Amreli,30,Currently married,female,"Less than 1,20,000",No,pucca,no_disability,Yes,Yes,Yes,Currently married,,,Yes,,,,Amreli
"5331692252059454","53316922520594541",1,bhesaniya govtambhai Dhirubhai,,Amreli,Amreli,36,Currently married,male,"Less than 1,20,000",No,pucca,no_disability,Yes,Yes,Yes,Currently married,,,Yes,,,,Amreli
"5331692252719175","53316922527191751",1,soneji nitaben umeshbhai,,Amreli,Amreli,50,Currently married,female,"Less than 1,20,000",No,pucca,no_disability,Yes,Yes,Yes,Currently married,,,Yes,,,,Amreli
"11020101313","110201013138",8,Payal kishan Bhai bambhaniya,,Amreli,Amreli,18,Currently married,female,"Less than 1,20,000",No,pucca,no_disability,Yes,Yes,Yes,Currently married,,,Yes,,,,Amreli
"11020101736","110201017363",3,gadhiya abdulbhai satarbhai,,Amreli,Amreli,50,Currently married,male,"Less than 1,20,000",No,pucca,no_disability,Yes,Yes,Yes,Currently married,,,No,,,,Amreli
"11020101736","110201017364",4,aadilbhai abdulbhai gadhiya,,Amreli,Amreli,13,Never Married,male,"Less than 1,20,000",No,pucca,no_disability,Yes,Yes,No,Never Married,,,No,,,,Amreli
"11020101101","110201011015",5,Ajani Sharda Ben kalubhai,,Amreli,Amreli,53,widow_widower,female,"Less than 1,20,000",No,pucca,no_disability,Yes,Yes,Yes,widow_widower,,,Yes,,,,Amreli
"11020101728","110201017286",6,rajubhai nanjibhai Gohil,,Amreli,Amreli,38,Currently married,male,"Less than 1,20,000",No,pucca,no_disability,Yes,Yes,Yes,Currently married,,,Yes,,,,Amreli
"11020101728","110201017284",4,jagrutiben rajubhai Gohil,,Amreli,Amreli,34,Currently married,female,"Less than 1,20,000",No,pucca,no_disability,Yes,Yes,Yes,Currently married,,,Yes,,,,Amreli
"11020101728","110201017285",5,mansi rajubhai Gohil,,Amreli,Amreli,14,Never Married,female,"Less than 1,20,000",No,pucca,no_disability,Yes,Yes,No,Never Married,,,Yes,,,,Amreli
"11020101725","110201017254",4,bhumiben rajeshbhai dabhi,,Amreli,Amreli,20,Never Married,female,"Less than 1,20,000",No,pucca,no_disability,Yes,Yes,No,Never Married,,,Yes,,,,Amreli
"11020101725","110201017255",5,ridhdhi Rajesh dabhi,,Amreli,Amreli,19,Never Married,female,"Less than 1,20,000",No,pucca,no_disability,Yes,Yes,No,Never Married,,,Yes,,,,Amreli
"11020101725","110201017256",6,palak Rajesh dabhi,,Amreli,Amreli,18,Never Married,female,"Less than 1,20,000",No,pucca,no_disability,Yes,Yes,No,Never Married,,,Yes,,,,Amreli
"11020101725","110201017257",7,Chirag Rajesh dabhi,,Amreli,Amreli,23,Never Married,male,"Less than 1,20,000",No,pucca,no_disability,Yes,Yes,Yes,Never Married,,,Yes,,,,Amreli
"11020101653","110201016534",4,Mohin Bhavesh Parmar,,Amreli,Amreli,15,Never Married,male,"Less than 1,20,000",No,pucca,no_disability,Yes,Yes,No,Never Married,,,Yes,,,,Amreli
"11020101653","110201016535",5,kuldip Bhavesh Parmar,,Amreli,Amreli,13,Never Married,male,"Less than 1,20,000",No,pucca,no_disability,Yes,Yes,No,Never Married,,,Yes,,,,Amreli
"11020101653","110201016536",6,Kajal ben bhaveshbhai Parmar,,Amreli,Amreli,37,Currently married,female,"Less than 1,20,000",No,pucca,no_disability,Yes,Yes,Yes,Currently married,,,Yes,,,,Amreli
"11020101719","110201017194",4,Umang Partap Bhai dungariya,,Amreli,Amreli,16,Never Married,male,"Less than 1,20,000",No,pucca,no_disability,Yes,Yes,Yes,Never Married,,,No,,,,Amreli
"5331692355970856","53316923559708561",1,Pradipbhai jayantibhai,,Amreli,Amreli,47,Currently married,male,"Less than 1,20,000",No,pucca,no_disability,Yes,Yes,Yes,Currently married,,,No,,,,Amreli
"5331692356854307","53316923568543071",1,dineshbhai nanjibhai Rathod,,Amreli,Amreli,43,Currently married,male,"Less than 1,20,000",No,pucca,no_disability,Yes,Yes,Yes,Currently married,,,Yes,,,,Amreli
"5331692355970856","53316923559708562",2,tanish Pradip godoya,,Amreli,Amreli,15,Never Married,male,"Less than 1,20,000",No,pucca,no_disability,Yes,Yes,No,Never Married,,,Yes,,,,Amreli
"5331692355970856","53316923559708563",3,aayush Pradip godoya,,Amreli,Amreli,21,Never Married,male,"Less than 1,20,000",No,pucca,no_disability,Yes,Yes,No,Never Married,,,No,,,,Amreli
"5331692355970856","53316923559708564",4,Savita Ben Pradip godoya,,Amreli,Amreli,40,Currently married,female,"Less than 1,20,000",No,pucca,no_disability,Yes,Yes,Yes,Currently married,,,No,,,,Amreli
"5331692356854307","53316923568543072",2,kiranben dineshbhai rathod,,Amreli,Amreli,40,Currently married,female,"Less than 1,20,000",No,pucca,no_disability,Yes,Yes,Yes,Currently married,,,Yes,,,,Amreli
"5331692356854307","53316923568543073",3,mira dineshbhai rathod,,Amreli,Amreli,16,Never Married,female,"Less than 1,20,000",No,pucca,no_disability,Yes,Yes,No,Never Married,,,Yes,,,,Amreli
"5331692356854307","53316923568543074",4,nitinbhai dineshbhai rathod,,Amreli,Amreli,21,Never Married,male,"Less than 1,20,000",No,pucca,no_disability,Yes,Yes,No,Never Married,,,No,,,,Amreli
"5331692419038309","53316924190383091",1,Mukeshbhai pratapbhai Solanki,,Amreli,Amreli,42,Currently married,male,"Less than 1,20,000",No,pucca,no_disability,Yes,Yes,Yes,Currently married,,,Yes,,,,Amreli
"5331692420088556","53316924200885561",1,Bhavesh Bhai Harshadrai Trivedi,,Amreli,Amreli,50,Currently married,male,"Less than 1,20,000",No,pucca,no_disability,Yes,Yes,Yes,Currently married,,,Yes,,,,Amreli
"5331692419038309","53316924190383092",2,Parulben Mukeshbhai Solanki,,Amreli,Amreli,35,Currently married,female,"Less than 1,20,000",No,pucca,no_disability,Yes,Yes,Yes,Currently married,,,Yes,,,,Amreli
"5331692419038309","53316924190383093",3,Parth Mukesh Solanki,,Amreli,Amreli,17,Never Married,male,"Less than 1,20,000",No,pucca,no_disability,Yes,Yes,No,Never Married,,,Yes,,,,Amreli
"5331692420088556","53316924200885562",2,dakshaben bhaveshbhai Trivedi,,Amreli,Amreli,48,Currently married,female,"Less than 1,20,000",No,pucca,no_disability,Yes,Yes,Yes,Currently married,,,Yes,,,,Amreli
"5331692420088556","53316924200885563",3,manishaben bhaveshbhai Trivedi,,Amreli,Amreli,20,Never Married,female,"Less than 1,20,000",No,pucca,no_disability,Yes,Yes,Yes,Never Married,,,Yes,,,,Amreli
"5331692420088556","53316924200885564",4,pratham bhaveshbhai Trivedi,,Amreli,Amreli,16,Never Married,male,"Less than 1,20,000",No,pucca,no_disability,Yes,Yes,No,Never Married,,,Yes,,,,Amreli
"11020101046","110201010464",4,dhandhukiya lakhamanbhai,,Amreli,Amreli,78,Currently married,male,"Less than 1,20,000",No,pucca,no_disability,Yes,Yes,Yes,Currently married,,,Yes,,,,Amreli
"11020101046","110201010465",5,dhandhukiya jaysukh bhai lakhamanbhai ,,Amreli,Amreli,40,Currently married,male,"Less than 1,20,000",No,pucca,no_disability,Yes,Yes,Yes,Currently married,,,Yes,,,,Amreli
"5331692707035297","53316927070352971",1,hasmukhbhai girdharbhai badmaliya,,Amreli,Amreli,46,Currently married,male,"Less than 1,20,000",No,pucca,no_disability,Yes,Yes,Yes,Currently married,,,Yes,,,,Amreli
"5331692707035297","53316927070352972",2,badmaliya hemil hashmukhbhai,,Amreli,Amreli,15,Never Married,male,"Less than 1,20,000",No,pucca,no_disability,Yes,Yes,No,Never Married,,,Yes,,,,Amreli
"5331692707035297","53316927070352973",3,badmaliya meet hashmukhbhai ,,Amreli,Amreli,10,Never Married,male,"Less than 1,20,000",No,pucca,no_disability,Yes,Yes,No,Never Married,,,Yes,,,,Amreli
"5331692707035297","53316927070352974",4,parulben hashmukhbhai badmaliya ,,Amreli,Amreli,40,Currently married,male,"Less than 1,20,000",No,pucca,no_disability,Yes,Yes,Yes,Currently married,,,Yes,,,,Amreli
"5331692710986868","53316927109868681",1,chavada mayurbhai kalubhai,,Amreli,Amreli,24,Never Married,male,"Less than 1,20,000",No,pucca,no_disability,Yes,Yes,Yes,Never Married,,,Yes,,,,Amreli
"5331692711490396","53316927114903961",1,baraiya hasamukhbhai parshotambhai,,Amreli,Amreli,38,Currently married,male,"Less than 1,20,000",No,pucca,no_disability,Yes,Yes,Yes,Currently married,,,Yes,,,,Amreli
"5331692712239615","53316927122396151",1,dabhi rasila Ben karshanbhai,,Amreli,Amreli,47,Currently married,female,"Less than 1,20,000",No,pucca,no_disability,Yes,Yes,Yes,Currently married,,,Yes,,,,Amreli
"5331692712772631","53316927127726311",1,degama Vipul Bhai parshotambhai,,Amreli,Amreli,,,,"",,,,,,,,,,,,,,Amreli
"5331692712772631","53316927127726312",2,degama Purvi Ben Vipul Bhai,,Amreli,Amreli,8,Never Married,female,"Less than 1,20,000",No,pucca,no_disability,Yes,Yes,No,Never Married,,,No,,,,Amreli
"5331692719560301","53316927195603011",1,dungariya arvindbhai maganbhai,,Amreli,Amreli,38,Currently married,male,"Less than 1,20,000",No,pucca,no_disability,Yes,Yes,Yes,Currently married,,,Yes,,,,Amreli
"5331692712772631","53316927127726313",3,degama parisa vipulbhai,,Amreli,Amreli,10,Never Married,female,"Less than 1,20,000",No,pucca,no_disability,Yes,Yes,No,Never Married,,,Yes,,,,Amreli
"5331692719560301","53316927195603012",2,dungariya aaditi Ben umeshbhai,,Amreli,Amreli,9,Never Married,female,"Less than 1,20,000",No,pucca,no_disability,Yes,Yes,No,Never Married,,,Yes,,,,Amreli
"5331692719560301","53316927195603013",3,dungariya urvashi umeshbhai,,Amreli,Amreli,8,Never Married,female,"Less than 1,20,000",No,pucca,no_disability,Yes,No,No,Never Married,,,Yes,,,,Amreli
"5331692719560301","53316927195603014",4,dungariya umeshbhai maganbhai,,Amreli,Amreli,37,Currently married,male,"Less than 1,20,000",No,pucca,no_disability,Yes,Yes,Yes,Currently married,,,Yes,,,,Amreli
"5331692719560301","53316927195603015",5,dungariya Sonal ben umeshbhai,,Amreli,Amreli,28,Currently married,female,"Less than 1,20,000",No,pucca,no_disability,Yes,Yes,Yes,Currently married,,,Yes,,,,Amreli
"5331692728401798","53316927284017981",1,Tarad bhikhubhai khimanjao,,Amreli,Amreli,35,Currently married,male,"Less than 1,20,000",No,pucca,no_disability,Yes,Yes,Yes,Currently married,,,No,,,,Amreli
"5331692739535470","53316927395354701",1,dungariya shilpe Sureshbhai,,Amreli,Amreli,37,Currently married,female,"Less than 1,20,000",No,pucca,no_disability,Yes,Yes,Yes,Currently married,,,Yes,,,,Amreli
"5331692740183743","53316927401837431",1,degama dayaben hareshbhai,,Amreli,Amreli,39,Currently married,female,"Less than 1,20,000",No,pucca,no_disability,Yes,Yes,Yes,Currently married,,,No,,,,Amreli
"5331692740948443","53316927409484431",1,Solanki Ashok mandanbhai,,Amreli,Amreli,48,Currently married,male,"Less than 1,20,000",No,pucca,no_disability,Yes,Yes,Yes,Currently married,,,Yes,,,,Amreli
"5331692744701666","53316927447016661",1,dungariya pratap bhai maganbhai,,Amreli,Amreli,48,Currently married,male,"Less than 1,20,000",No,pucca,no_disability,Yes,Yes,Yes,Currently married,,,Yes,,,,Amreli
"5331692740948443","53316927409484432",2,Solanki Vishal Ashokbhai,,Amreli,Amreli,22,Never Married,male,"Less than 1,20,000",No,pucca,no_disability,Yes,Yes,Yes,Never Married,,,No,,,,Amreli
"5331692744701666","53316927447016662",2,dungariya Dhaval Pratap Bhai,,Amreli,Amreli,15,Never Married,male,"Less than 1,20,000",No,pucca,no_disability,Yes,Yes,No,Never Married,,,Yes,,,,Amreli
"5331692739535470","53316927395354702",2,dungariya Vishal dineshbhai,,Amreli,Amreli,6,Never Married,male,"Less than 1,20,000",No,pucca,no_disability,Yes,Yes,No,Never Married,,,Yes,,,,Amreli
"5331692739535470","53316927395354703",3,dungariya bhumi Sureshbhai,,Amreli,Amreli,12,Never Married,female,"Less than 1,20,000",No,pucca,no_disability,Yes,Yes,No,Never Married,,,Yes,,,,Amreli
"5331692739535470","53316927395354704",4,dungariya jenisha Ben dineshbhai,,Amreli,Amreli,10,Never Married,female,"Less than 1,20,000",No,pucca,no_disability,Yes,Yes,No,Never Married,,,Yes,,,,Amreli
"5331692812291784","53316928122917841",1,makvana jitendra bhai rameshbhai,,Amreli,Amreli,38,Currently married,male,"Less than 1,20,000",No,pucca,no_disability,Yes,Yes,Yes,Currently married,,,Yes,,,,Amreli
"5331692812291784","53316928122917842",2,makavana Tamiya jitendra bhai,,Amreli,Amreli,19,Never Married,female,"Less than 1,20,000",No,pucca,no_disability,Yes,Yes,No,Never Married,,,Yes,,,,Amreli
"5331692812291784","53316928122917843",3,makvana kirtan jitendrabhai,,Amreli,Amreli,10,Never Married,male,"Less than 1,20,000",No,pucca,no_disability,Yes,Yes,No,Never Married,,,Yes,,,,Amreli
"5331692812291784","53316928122917844",4,makvana nitaben jitendrabhai,,Amreli,Amreli,43,Currently married,female,"Less than 1,20,000",No,pucca,no_disability,Yes,Yes,Yes,Currently married,,,Yes,,,,Amreli
"5331692812291784","53316928122917845",5,makvana vedehi jitendrabhai,,Amreli,Amreli,15,Never Married,female,"Less than 1,20,000",No,pucca,no_disability,Yes,Yes,No,Never Married,,,Yes,,,,Amreli
"5331692814381530","53316928143815301",1,kubavat alpesh kandasbhai,,Amreli,Amreli,38,Currently married,male,"Less than 1,20,000",No,pucca,no_disability,Yes,Yes,Yes,Currently married,,,Yes,,,,Amreli
"5331692812552545","53316928125525451",1,tulshibhai gulumal sukhavani,,Amreli,Amreli,43,Currently married,male,"Less than 1,20,000",No,pucca,no_disability,Yes,Yes,Yes,Currently married,,,No,,,,Amreli
"5331692814507480","53316928145074801",1,manubhai jivabhai tarad,,Amreli,Amreli,46,Currently married,male,"Less than 1,20,000",No,pucca,no_disability,Yes,Yes,Yes,Currently married,,,No,,,,Amreli
"5331692812552545","53316928125525452",2,visniben tulshibhai sukhavani,,Amreli,Amreli,31,Currently married,female,"Less than 1,20,000",No,pucca,no_disability,Yes,Yes,Yes,Currently married,,,No,,,,Amreli
"5331692812552545","53316928125525453",3,nirajbhai tulshibhai sukhavani,,Amreli,Amreli,15,Never Married,male,"Less than 1,20,000",No,pucca,no_disability,Yes,Yes,No,Never Married,,,No,,,,Amreli
"11020101556","110201015564",4,mahendrbhai jayantibhai Vaghela,,Amreli,Amreli,47,Currently married,male,"Less than 1,20,000",No,pucca,no_disability,Yes,Yes,Yes,Currently married,,,No,,,,Amreli
"11020101556","110201015565",5,dharaben mahendrbhai Vaghela,,Amreli,Amreli,20,Never Married,female,"Less than 1,20,000",No,pucca,no_disability,Yes,Yes,Yes,Never Married,,,No,,,,Amreli
"11020101556","110201015566",6,lilaben jayantibhai Vaghela,,Amreli,Amreli,70,Currently married,female,"Less than 1,20,000",No,pucca,no_disability,Yes,Yes,Yes,Currently married,,,No,,,,Amreli
"5331692814507480","53316928145074802",2,lakhiben nanubhai tarad,,Amreli,Amreli,42,Currently married,female,"Less than 1,20,000",No,pucca,no_disability,Yes,Yes,Yes,Currently married,,,No,,,,Amreli
"5331692814507480","53316928145074803",3,niraliben nanubhai tarad,,Amreli,Amreli,11,Never Married,female,"Less than 1,20,000",No,pucca,no_disability,Yes,Yes,No,Never Married,,,No,,,,Amreli
"5331692814507480","53316928145074804",4,sanjaybhai nanubhai tarad,,Amreli,Amreli,18,Never Married,male,"Less than 1,20,000",No,pucca,no_disability,Yes,Yes,No,Never Married,,,No,,,,Amreli
"5331692814507480","53316928145074805",5,Hardik nanubhai tarad,,Amreli,Amreli,15,Never Married,male,"Less than 1,20,000",No,pucca,no_disability,Yes,Yes,No,Never Married,,,No,,,,Amreli
