hh_id,member_id,beneficiary_name,scheme_name,village,helpdesk_user,eleigible_sts,s1_helpdesk,s1_date,s2_liasoning_officer,s2_date,s3_govt_dept,s3_date,benefit_status,beneficiaries_img,benefit_date,if_descripency,reject_reason,created_at,updated_at
"5331689329861429","53316893298614291",uday vipul bhai parmar,Election Card  New ,Amreli,,,Documentation_Complete,2023-07-26 16:16:40,completed,2023-07-14,Submitted,2023-07-15,,,2023-08-22,not agree,not agree,2023-07-14 15:55:41,2023-07-14 15:55:41
"5331689329861429","53316893298614291",uday vipul bhai parmar,E Shram Card,Amreli,,,Documentation_Complete,2023-07-26 16:16:51,completed,2023-07-14,Submitted,2023-07-15,Yes,,2023-04-08,,,2023-07-14 15:55:41,2023-07-14 15:55:41
"5331689329861429","53316893298614291",uday vipul bhai parmar,Jan Dhan Yojna,Amreli,,,pending,2023-07-14 15:55:41,pending,,pending,,No,,,,,2023-07-14 15:55:41,2023-07-14 15:55:41
"5331689329861429","53316893298614292",paramar yash vipul bhai,E Shram Card,Amreli,,,Documentation_Complete,2023-07-26 16:16:56,completed,2023-07-14,Submitted,2023-07-15,Yes,,2023-04-08,,,2023-07-14 15:55:41,2023-07-14 15:55:41
"11020101836","110201018364",urviben Mahendrabhai Agravat ,National Health Card,Amreli,,,Documentation_Complete,2023-07-26 16:15:10,completed,2023-07-19,Submitted,2023-07-19,Yes,,2023-07-23,,,2023-07-19 16:41:01,2023-07-19 16:41:01
"5331689764545413","53316897645454131",Dafada Pravinbhai Ranabhai,National Health Card,Amreli,,,pending,2023-07-19 16:41:01,pending,,pending,,No,,,,,2023-07-19 16:41:01,2023-07-19 16:41:01
"5331689859913077","53316898599130771",dafada PravinBhai Ranabhai,National Health Card,Amreli,,,Documentation_Complete,2023-07-26 16:13:36,completed,2023-07-20,Submitted,2023-07-20,Yes,,2023-07-23,,,2023-07-20 22:08:02,2023-07-20 22:08:02
"5331689859913077","53316898599130772",dafada Sumit Pravin Bhai,National Health Card,Amreli,,,Documentation_Complete,2023-07-26 16:13:43,completed,2023-07-20,Submitted,2023-07-20,Yes,,2023-07-23,,,2023-07-20 22:08:02,2023-07-20 22:08:02
"5331689859913077","53316898599130773",dafada manishaben Pravin Bhai,National Health Card,Amreli,,,Documentation_Complete,2023-07-26 16:13:03,completed,2023-07-20,Submitted,2023-07-20,Yes,,2023-07-23,,,2023-07-20 22:08:02,2023-07-20 22:08:02
"5331689862539125","53316898625391251",makavana Maheshbhai parshotambhai,National Health Card,Amreli,,,Documentation_Complete,2023-07-26 16:13:09,completed,2023-07-20,Submitted,2023-07-20,Yes,,2023-07-23,,,2023-07-20 22:08:02,2023-07-20 22:08:02
"5331689862539125","53316898625391252",Janvi maheshbhai makavana,National Health Card,Amreli,,,Documentation_Complete,2023-07-26 16:12:34,completed,2023-07-20,Submitted,2023-07-20,Yes,,2023-07-23,,,2023-07-20 22:08:02,2023-07-20 22:08:02
"5331689862539125","53316898625391253",makavana nitaben Maheshbhai,National Health Card,Amreli,,,Documentation_Complete,2023-07-26 16:12:38,completed,2023-07-20,Submitted,2023-07-20,Yes,,2023-07-23,,,2023-07-20 22:08:02,2023-07-20 22:08:02
"5331689862539125","53316898625391254",makavana Nirali Maheshbhai,National Health Card,Amreli,,,Documentation_Complete,2023-07-26 16:12:43,completed,2023-07-20,Submitted,2023-07-20,Yes,,2023-07-23,,,2023-07-20 22:08:02,2023-07-20 22:08:02
"5331689862539125","53316898625391255",makavana Tushar maheshbhai,National Health Card,Amreli,,,Documentation_Complete,2023-07-26 16:13:14,completed,2023-07-20,Submitted,2023-07-20,Yes,,2023-07-23,,,2023-07-20 22:08:02,2023-07-20 22:08:02
"5331689867257537","53316898672575371",godaliya Manishbhai Dhirubhai,National Health Card,Amreli,,,Documentation_Complete,2023-07-26 16:13:48,completed,2023-07-20,Submitted,2023-07-20,Yes,,2023-07-23,,,2023-07-20 22:08:02,2023-07-20 22:08:02
"5331689867257537","53316898672575372",Godaliya Ranjanben Manishbhai,National Health Card,Amreli,,,Documentation_Complete,2023-07-26 16:14:11,completed,2023-07-20,Submitted,2023-07-20,Yes,,2023-07-23,,,2023-07-20 22:08:02,2023-07-20 22:08:02
"5331689867257537","53316898672575373",Godaliya Koushal manishbhai,National Health Card,Amreli,,,Documentation_Complete,2023-07-26 16:14:20,completed,2023-07-20,Submitted,2023-07-20,Yes,,2023-07-23,,,2023-07-20 22:08:02,2023-07-20 22:08:02
"5331689867257537","53316898672575374",Aaryan Manishbhai Gondaliya,National Health Card,Amreli,,,Documentation_Complete,2023-07-26 16:14:23,completed,2023-07-20,Submitted,2023-07-20,Yes,,2023-07-24,,,2023-07-20 22:08:02,2023-07-20 22:08:02
"5331689868343058","53316898683430581",Mukesh bhai meghajibhai bagada,National Health Card,Amreli,,,Documentation_Complete,2023-07-26 16:14:52,completed,2023-07-20,Submitted,2023-07-20,Yes,,2023-07-24,,,2023-07-20 22:08:02,2023-07-20 22:08:02
"5331689868343058","53316898683430582",niruben Mukeshbhai bagada,National Health Card,Amreli,,,Documentation_Complete,2023-07-26 16:14:48,completed,2023-07-20,Submitted,2023-07-20,Yes,,2023-07-24,,,2023-07-20 22:08:02,2023-07-20 22:08:02
"5331689868343058","53316898683430583",yas mukeshbhai bagada,National Health Card,Amreli,,,Documentation_Complete,2023-07-26 16:14:43,completed,2023-07-20,Submitted,2023-07-20,Yes,,2023-07-24,,,2023-07-20 22:08:02,2023-07-20 22:08:02
"5331689869769289","53316898697692892",Vaghela Dhruv vipulbhai,National Health Card,Amreli,,,Documentation_Complete,2023-07-26 16:14:37,completed,2023-07-20,Submitted,2023-07-20,Yes,,2023-07-24,,,2023-07-20 22:08:02,2023-07-20 22:08:02
"11020101220","110201012202",chavda asmitaben sunilbhai,National Health Card,Amreli,,,Documentation_Complete,2023-07-26 16:13:32,completed,2023-07-20,Submitted,2023-07-20,Yes,,2023-07-24,,,2023-07-20 22:08:02,2023-07-20 22:08:02
"11020101220","110201012203",chavda Bhavin sunilbhai,National Health Card,Amreli,,,Documentation_Complete,2023-07-26 16:12:58,completed,2023-07-20,Submitted,2023-07-20,Yes,,2023-07-24,,,2023-07-20 22:08:02,2023-07-20 22:08:02
"11020101220","110201012204",chavda Drasti sunilbhai,National Health Card,Amreli,,,Documentation_Complete,2023-07-26 16:12:29,completed,2023-07-20,Submitted,2023-07-20,Yes,,2023-07-24,,,2023-07-20 22:08:02,2023-07-20 22:08:02
"11020101231","110201012315",sangitaben maheshbhai dabhi,PAN Card  New ,Amreli,,,Documentation_Complete,2023-07-26 16:10:23,completed,2023-07-24,Submitted,2023-07-24,,,2023-08-22,not agree,not agree,2023-07-24 16:39:29,2023-07-24 16:39:29
"11020101231","110201012315",sangitaben maheshbhai dabhi,National Health Card,Amreli,,,Documentation_Complete,2023-07-26 16:12:02,completed,2023-07-24,Submitted,2023-07-24,Yes,,2023-07-24,,,2023-07-24 16:39:29,2023-07-24 16:39:29
"11020101350","110201013507",talaviya hinaben hasmukhbhai,National Health Card,Amreli,,,Documentation_Complete,2023-07-26 16:09:42,completed,2023-07-24,Submitted,2023-07-24,Yes,,2023-07-24,,,2023-07-24 16:39:29,2023-07-24 16:39:29
"11020101350","110201013507",talaviya hinaben hasmukhbhai,Ayushman Bharat Card  PMJAY ,Amreli,,,Documentation_Complete,2023-07-26 16:08:06,completed,2023-07-24,Submitted,2023-07-24,Yes,,2023-05-08,,,2023-07-24 16:39:29,2023-07-24 16:39:29
"5331690292945188","53316902929451881",bhensara manojbhai babubhai,National Health Card,Amreli,,,Documentation_Complete,2023-07-26 16:03:22,completed,2023-07-25,Submitted,2023-07-25,Yes,,2023-07-27,,,2023-07-25 19:26:42,2023-07-25 19:26:42
"5331690292945188","53316902929451882",hetalben manojbhai bhesara,National Health Card,Amreli,,,Documentation_Complete,2023-07-26 16:03:34,completed,2023-07-25,Submitted,2023-07-25,Yes,,2023-07-27,,,2023-07-25 19:26:42,2023-07-25 19:26:42
"5331690292945188","53316902929451883",bhesara yas manojbhai,National Health Card,Amreli,,,Documentation_Complete,2023-07-26 16:02:54,completed,2023-07-25,Submitted,2023-07-25,Yes,,2023-07-27,,,2023-07-25 19:26:42,2023-07-25 19:26:42
"5331690292945188","53316902929451884",bhesara harshil manojbhai,National Health Card,Amreli,,,Documentation_Complete,2023-07-26 16:06:38,completed,2023-07-25,Submitted,2023-07-25,Yes,,2023-07-27,,,2023-07-25 19:26:42,2023-07-25 19:26:42
"5331690293527245","53316902935272451",dhadhukiya chandubhai jivrajbhai,National Health Card,Amreli,,,Documentation_Complete,2023-07-26 16:02:34,completed,2023-07-25,Submitted,2023-07-25,Yes,,2023-07-27,,,2023-07-25 19:46:18,2023-07-25 19:46:18
"5331690293527245","53316902935272452",dhadhukiya shardaben chandubhai,National Health Card,Amreli,,,Documentation_Complete,2023-07-26 15:58:16,completed,2023-07-25,Submitted,2023-07-25,Yes,,2023-07-27,,,2023-07-25 19:46:18,2023-07-25 19:46:18
"5331690293527245","53316902935272453",dhandhukiya ashokbhai chandubhai,National Health Card,Amreli,,,Documentation_Complete,2023-07-26 15:59:54,completed,2023-07-25,Submitted,2023-07-25,Yes,,2023-07-27,,,2023-07-25 19:46:18,2023-07-25 19:46:18
"5331690293527245","53316902935272454",meghaben ashokbhai dhandhukiya,National Health Card,Amreli,,,Documentation_Complete,2023-07-26 15:59:14,completed,2023-07-25,Submitted,2023-07-25,Yes,,2023-07-27,,,2023-07-25 19:46:18,2023-07-25 19:46:18
"5331690293527245","53316902935272455",dhandhukiya kunj Ashokbhai,National Health Card,Amreli,,,Documentation_Complete,2023-07-26 15:58:59,completed,2023-07-25,Submitted,2023-07-25,Yes,,2023-07-27,,,2023-07-25 19:46:18,2023-07-25 19:46:18
"5331690293527245","53316902935272456",dhadhukiya krunal ashokbhai,National Health Card,Amreli,,,Documentation_Complete,2023-07-26 15:58:40,completed,2023-07-25,Submitted,2023-07-25,Yes,,2023-07-27,,,2023-07-25 19:46:18,2023-07-25 19:46:18
"5331690375100143","53316903751001431",sumara altafbhai hasambhai,National Health Card,Amreli,,,Documentation_Complete,2023-07-29 18:48:58,completed,2023-07-26,Submitted,2023-07-26,Yes,,2023-07-27,,,2023-07-26 18:20:37,2023-07-26 18:20:37
"5331690375100143","53316903751001432",sumara jubedaben hasambhai,National Health Card,Amreli,,,Documentation_Complete,2023-07-29 18:49:03,completed,2023-07-26,Submitted,2023-07-26,Yes,,2023-07-27,,,2023-07-26 18:20:37,2023-07-26 18:20:37
"5331690375100143","53316903751001433",sumara aasifbhai altafbhai,National Health Card,Amreli,,,Documentation_Complete,2023-07-29 18:49:17,completed,2023-07-26,Submitted,2023-07-26,Yes,,2023-07-27,,,2023-07-26 18:20:37,2023-07-26 18:20:37
"5331690375100143","53316903751001434",sumara Salmaben altafbhai,National Health Card,Amreli,,,Documentation_Complete,2023-07-29 18:49:23,completed,2023-07-26,Submitted,2023-07-26,Yes,,2023-07-27,,,2023-07-26 18:20:37,2023-07-26 18:20:37
"5331690375100143","53316903751001435",sumara sohil altafbhai ,National Health Card,Amreli,,,Documentation_Complete,2023-07-29 18:38:31,completed,2023-07-26,Submitted,2023-07-26,Yes,,2023-07-27,,,2023-07-26 18:20:37,2023-07-26 18:20:37
"5331690339015044","53316903390150441",Ghoghari Altafbhai ismalbhai,National Health Card,Amreli,,,Documentation_Complete,2023-07-29 18:48:15,completed,2023-07-26,Submitted,2023-07-26,Yes,,2023-07-27,,,2023-07-26 19:56:19,2023-07-26 19:56:19
"5331690339015044","53316903390150442",Ghoghari rijvanaben Altafbhai,National Health Card,Amreli,,,Documentation_Complete,2023-07-29 18:48:06,completed,2023-07-26,Submitted,2023-07-26,Yes,,2023-07-27,,,2023-07-26 19:56:19,2023-07-26 19:56:19
"5331690339015044","53316903390150443",Ghoghari mustufa Altafbhai,National Health Card,Amreli,,,Documentation_Complete,2023-07-29 18:47:56,completed,2023-07-26,Submitted,2023-07-26,Yes,,2023-07-27,,,2023-07-26 19:56:19,2023-07-26 19:56:19
"5331690339015044","53316903390150444",ghoghari izahar Altafbhai,National Health Card,Amreli,,,Documentation_Complete,2023-07-29 18:47:44,completed,2023-07-26,Submitted,2023-07-26,Yes,,2023-07-27,,,2023-07-26 19:56:19,2023-07-26 19:56:19
"5331690339015044","53316903390150445",Ghoghari ismalbhai basubhai,National Health Card,Amreli,,,Documentation_Complete,2023-07-29 18:47:27,completed,2023-07-26,Submitted,2023-07-26,Yes,,2023-07-27,,,2023-07-26 19:56:19,2023-07-26 19:56:19
"5331690339015044","53316903390150446",ghoghari mubin Altafbhai,National Health Card,Amreli,,,Documentation_Complete,2023-07-29 18:47:20,completed,2023-07-26,Submitted,2023-07-26,Yes,,2023-07-27,,,2023-07-26 19:56:19,2023-07-26 19:56:19
"5331690459454126","53316904594541261",gohil kanabhai gabhabhai,National Health Card,Amreli,,,Documentation_Complete,2023-07-29 18:46:33,completed,2023-07-27,Submitted,2023-07-27,Yes,,2023-07-28,,,2023-07-27 17:48:26,2023-07-27 17:48:26
"5331690459454126","53316904594541262",gohil rekhaben kanabhai,National Health Card,Amreli,,,Documentation_Complete,2023-07-29 18:46:39,completed,2023-07-27,Submitted,2023-07-27,Yes,,2023-07-28,,,2023-07-27 17:48:26,2023-07-27 17:48:26
"5331690459454126","53316904594541263",dipali kanabhai gohil,National Health Card,Amreli,,,Documentation_Complete,2023-07-29 18:46:45,completed,2023-07-27,Submitted,2023-07-27,Yes,,2023-07-28,,,2023-07-27 17:48:26,2023-07-27 17:48:26
"5331690459454126","53316904594541264",gohil mital kanabhai,National Health Card,Amreli,,,Documentation_Complete,2023-07-29 18:47:15,completed,2023-07-27,Submitted,2023-07-27,Yes,,2023-07-28,,,2023-07-27 17:48:26,2023-07-27 17:48:26
"5331690459454126","53316904594541265",gohil paresh kanabhai,National Health Card,Amreli,,,Documentation_Complete,2023-07-29 18:47:09,completed,2023-07-27,Submitted,2023-07-27,Yes,,2023-07-28,,,2023-07-27 17:48:26,2023-07-27 17:48:26
"5331690459454126","53316904594541266",gohil gopal kanabhai ,National Health Card,Amreli,,,Documentation_Complete,2023-07-29 18:47:00,completed,2023-07-27,Submitted,2023-07-27,Yes,,2023-07-28,,,2023-07-27 17:48:26,2023-07-27 17:48:26
"11020101230","110201012304",devidas tulsidas Gondaliya,National Health Card,Amreli,,,Documentation_Complete,2023-07-29 18:45:39,completed,2023-07-27,Submitted,2023-07-27,Yes,,2023-07-28,,,2023-07-27 18:38:32,2023-07-27 18:38:32
"11020101230","110201012305",Godaliya kailas ben devidasbhai,National Health Card,Amreli,,,Documentation_Complete,2023-07-29 18:45:47,completed,2023-07-27,Submitted,2023-07-27,Yes,,2023-07-28,,,2023-07-27 18:38:32,2023-07-27 18:38:32
"11020101230","110201012306",baldev tulsidas Gondaliya,National Health Card,Amreli,,,Documentation_Complete,2023-07-29 18:45:56,completed,2023-07-27,Submitted,2023-07-27,Yes,,2023-07-28,,,2023-07-27 18:38:32,2023-07-27 18:38:32
"11020101230","110201012307",Gondaliya harshben baldevbhai,National Health Card,Amreli,,,Documentation_Complete,2023-07-29 18:46:24,completed,2023-07-27,Submitted,2023-07-27,Yes,,2023-07-28,,,2023-07-27 18:38:32,2023-07-27 18:38:32
"11020101230","110201012308",Gondaliya ansh Baldevbhai,National Health Card,Amreli,,,Documentation_Complete,2023-07-29 18:46:17,completed,2023-07-27,Submitted,2023-07-27,Yes,,2023-07-28,,,2023-07-27 18:38:32,2023-07-27 18:38:32
"11020101504","110201015044",kartik bakulbhai dabasara,National Health Card,Amreli,,,Documentation_Complete,2023-07-29 18:44:50,completed,2023-07-28,Submitted,2023-07-28,Yes,,2023-07-28,,,2023-07-28 18:54:36,2023-07-28 18:54:36
"11020101504","110201015045",bagasara dhruv Bakulbhai,National Health Card,Amreli,,,Documentation_Complete,2023-07-29 18:44:56,completed,2023-07-28,Submitted,2023-07-28,Yes,,2023-07-20,,,2023-07-28 18:54:36,2023-07-28 18:54:36
"5331690550213043","53316905502130431",dabasara manishbhai,National Health Card,Amreli,,,Documentation_Complete,2023-07-29 18:45:02,completed,2023-07-28,Submitted,2023-07-28,Yes,,2023-07-28,,,2023-07-28 18:54:36,2023-07-28 18:54:36
"5331690550213043","53316905502130432",dabasara dayaben manishbhai,National Health Card,Amreli,,,Documentation_Complete,2023-07-29 18:45:09,completed,2023-07-28,Submitted,2023-07-28,Yes,,2023-07-28,,,2023-07-28 18:54:36,2023-07-28 18:54:36
"5331690550213043","53316905502130433",dabasara Arman manishbhai,National Health Card,Amreli,,,Documentation_Complete,2023-07-29 18:45:27,completed,2023-07-28,Submitted,2023-07-28,Yes,,2023-07-28,,,2023-07-28 18:54:36,2023-07-28 18:54:36
"5331690550213043","53316905502130434",dabasara tamanna manishbhai,National Health Card,Amreli,,,Documentation_Complete,2023-07-29 18:44:39,completed,2023-07-28,Submitted,2023-07-28,Yes,,2023-07-28,,,2023-07-28 18:54:36,2023-07-28 18:54:36
"5331690551309822","53316905513098221",rajeshbhai bhikhabhai dabasara,National Health Card,Amreli,,,Documentation_Complete,2023-07-29 18:41:12,completed,2023-07-28,Submitted,2023-07-28,Yes,,2023-07-28,,,2023-07-28 19:14:27,2023-07-28 19:14:27
"5331690551309822","53316905513098222",dabasara parulben rajeshbhai,National Health Card,Amreli,,,Documentation_Complete,2023-07-29 18:43:27,completed,2023-07-28,Submitted,2023-07-28,Yes,,2023-07-28,,,2023-07-28 19:14:27,2023-07-28 19:14:27
"5331690551309822","53316905513098223",dabasara bhavdip rajeshbhai,National Health Card,Amreli,,,Documentation_Complete,2023-07-29 18:43:07,completed,2023-07-28,Submitted,2023-07-28,Yes,,2023-07-28,,,2023-07-28 19:14:27,2023-07-28 19:14:27
"5331690551309822","53316905513098224",dabasara khushalbhai rajeshbhai,National Health Card,Amreli,,,Documentation_Complete,2023-07-29 18:42:55,completed,2023-07-28,Submitted,2023-07-28,Yes,,2023-07-28,,,2023-07-28 19:14:27,2023-07-28 19:14:27
"5331690551309822","53316905513098225",Anamika rajeshbhai dabasara,National Health Card,Amreli,,,Documentation_Complete,2023-07-29 18:42:41,completed,2023-07-28,Submitted,2023-07-28,Yes,,2023-07-28,,,2023-07-28 19:14:27,2023-07-28 19:14:27
"5331690625340473","53316906253404731",bagada mukeshbhai meghajibhai,National Health Card,Amreli,,,Documentation_Complete,2023-07-29 18:38:47,completed,2023-07-29,Submitted,2023-07-29,Yes,,2023-07-29,,,2023-07-29 18:07:50,2023-07-29 18:07:50
"5331690625340473","53316906253404732",niruben mukeshbhai bagada,National Health Card,Amreli,,,Documentation_Complete,2023-07-29 18:38:53,completed,2023-07-29,Submitted,2023-07-29,Yes,,2023-07-29,,,2023-07-29 18:07:50,2023-07-29 18:07:50
"5331690625340473","53316906253404733",yas mukeshbhai bagada,National Health Card,Amreli,,,Documentation_Complete,2023-07-29 18:38:59,completed,2023-07-29,Submitted,2023-07-29,Yes,,2023-07-29,,,2023-07-29 18:07:50,2023-07-29 18:07:50
"11020101906","110201019065",sunitaben ashokbhai,National Health Card,Amreli,,,Documentation_Complete,2023-07-29 18:38:41,completed,2023-07-29,Submitted,2023-07-29,Yes,,2023-07-29,,,2023-07-29 18:07:50,2023-07-29 18:07:50
"11020101906","110201019066",rituben ashokbhai solanki,National Health Card,Amreli,,,Documentation_Complete,2023-07-29 18:39:29,completed,2023-07-29,Submitted,2023-07-29,Yes,,2023-07-29,,,2023-07-29 18:07:50,2023-07-29 18:07:50
"11020101906","110201019067",vishalbhai ashokbhai solanki,National Health Card,Amreli,,,Documentation_Complete,2023-07-29 18:39:25,completed,2023-07-29,Submitted,2023-07-29,Yes,,2023-07-29,,,2023-07-29 18:07:50,2023-07-29 18:07:50
"11020101906","110201019068",gangaben manandbhai solanki,National Health Card,Amreli,,,Documentation_Complete,2023-07-29 18:39:20,completed,2023-07-29,Submitted,2023-07-29,Yes,,2023-07-29,,,2023-07-29 18:07:50,2023-07-29 18:07:50
"5331690799773134","53316907997731341",gohil manishbhai amrabhai,National Health Card,Amreli,,,Documentation_Complete,2023-07-31 18:51:20,completed,2023-07-31,Submitted,2023-07-31,Yes,,2023-07-31,,,2023-07-31 16:52:52,2023-07-31 16:52:52
"5331690799773134","53316907997731342",gohil kirankumar manishbhai ,National Health Card,Amreli,,,Documentation_Complete,2023-07-31 18:52:50,completed,2023-07-31,Submitted,2023-07-31,Yes,,2023-07-31,,,2023-07-31 16:52:52,2023-07-31 16:52:52
"5331690799773134","53316907997731343",gohil shardaben manishbhai,National Health Card,Amreli,,,Documentation_Complete,2023-07-31 18:52:59,completed,2023-07-31,Submitted,2023-07-31,Yes,,2023-07-31,,,2023-07-31 16:52:52,2023-07-31 16:52:52
"5331690799773134","53316907997731344",gohil mital manishbhai,National Health Card,Amreli,,,Documentation_Complete,2023-07-31 18:53:08,completed,2023-07-31,Submitted,2023-07-31,Yes,,2023-07-31,,,2023-07-31 16:52:52,2023-07-31 16:52:52
"5331690800853945","53316908008539451",neishadh prabhudasbhai chouhan,National Health Card,Amreli,,,Documentation_Complete,2023-07-31 18:53:10,completed,2023-07-31,Submitted,2023-07-31,Yes,,2023-07-31,,,2023-07-31 16:52:52,2023-07-31 16:52:52
"5331690800853945","53316908008539452",chouhan nitaben neishadbhai,National Health Card,Amreli,,,Documentation_Complete,2023-07-31 18:53:19,completed,2023-07-31,Submitted,2023-07-31,Yes,,2023-07-31,,,2023-07-31 16:52:52,2023-07-31 16:52:52
"5331690800853945","53316908008539453",Bansal neishadbhai chouhan,National Health Card,Amreli,,,Documentation_Complete,2023-07-31 18:51:56,completed,2023-07-31,Submitted,2023-07-31,Yes,,2023-07-31,,,2023-07-31 16:52:52,2023-07-31 16:52:52
"5331690801480051","53316908014800511",gohil rajeshbhai kantibhai,National Health Card,Amreli,,,Documentation_Complete,2023-07-31 18:51:30,completed,2023-07-31,Submitted,2023-07-31,Yes,,2023-07-31,,,2023-07-31 16:52:52,2023-07-31 16:52:52
"5331690801480051","53316908014800512",gohil rekhaben rajeshbhai,National Health Card,Amreli,,,Documentation_Complete,2023-07-31 18:51:26,completed,2023-07-31,Submitted,2023-07-31,Yes,,2023-07-31,,,2023-07-31 16:52:52,2023-07-31 16:52:52
"5331690801480051","53316908014800513",jignasa rajeshbhai gohil,National Health Card,Amreli,,,Documentation_Complete,2023-07-31 18:54:02,completed,2023-07-31,Submitted,2023-07-31,Yes,,2023-07-31,,,2023-07-31 16:52:52,2023-07-31 16:52:52
"5331690801480051","53316908014800514",khushi rajeshbhai gohil,National Health Card,Amreli,,,Documentation_Complete,2023-07-31 18:51:03,completed,2023-07-31,Submitted,2023-07-31,Yes,,2023-07-31,,,2023-07-31 16:52:52,2023-07-31 16:52:52
"5331690804543105","53316908045431051",borisa  hiteshkumar manubhai,National Health Card,Amreli,,,Documentation_Complete,2023-07-31 18:46:23,completed,2023-07-31,Submitted,2023-07-31,Yes,,2023-07-31,,,2023-07-31 18:07:40,2023-07-31 18:07:40
"5331690804543105","53316908045431052",jayaben hiteshkumar borisa,National Health Card,Amreli,,,Documentation_Complete,2023-07-31 18:46:49,completed,2023-07-31,Submitted,2023-07-31,Yes,,2023-07-31,,,2023-07-31 18:07:40,2023-07-31 18:07:40
"5331690804543105","53316908045431053",ridhdhi hiteshkumar borisa,National Health Card,Amreli,,,Documentation_Complete,2023-07-31 18:47:16,completed,2023-07-31,Submitted,2023-07-31,Yes,,2023-07-31,,,2023-07-31 18:07:40,2023-07-31 18:07:40
"5331690804543105","53316908045431054",prapti hiteshkumar borisa,National Health Card,Amreli,,,Documentation_Complete,2023-07-31 18:47:42,completed,2023-07-31,Submitted,2023-07-31,Yes,,2023-07-31,,,2023-07-31 18:07:40,2023-07-31 18:07:40
"5331690806083659","53316908060836591",deepakbhai vinodbhai ,National Health Card,Amreli,,,Documentation_Complete,2023-07-31 18:50:40,completed,2023-07-31,Submitted,2023-07-31,Yes,,2023-07-31,,,2023-07-31 18:07:40,2023-07-31 18:07:40
"5331690806083659","53316908060836592",nrmesha deepakbhai pandya,National Health Card,Amreli,,,Documentation_Complete,2023-07-31 18:49:30,completed,2023-07-31,Submitted,2023-07-31,Yes,,2023-07-31,,,2023-07-31 18:07:40,2023-07-31 18:07:40
"5331690806083659","53316908060836593",pandya dharmraj deepakbhai,National Health Card,Amreli,,,Documentation_Complete,2023-07-31 18:48:49,completed,2023-07-31,Submitted,2023-07-31,Yes,,2023-07-31,,,2023-07-31 18:07:40,2023-07-31 18:07:40
"5331690806083659","53316908060836594",tarshika deepak pandya,National Health Card,Amreli,,,Documentation_Complete,2023-07-31 18:48:32,completed,2023-07-31,Submitted,2023-07-31,Yes,,2023-07-31,,,2023-07-31 18:07:40,2023-07-31 18:07:40
"5331690806083659","53316908060836595",jagruti deepak pandya,National Health Card,Amreli,,,Documentation_Complete,2023-07-31 18:44:53,completed,2023-07-31,Submitted,2023-07-31,Yes,,2023-07-31,,,2023-07-31 18:07:40,2023-07-31 18:07:40
"5331690634938608","53316906349386081",pansala soniyaben amitabhai,National Health Card,Amreli,,,Documentation_Complete,2023-08-01 14:18:21,completed,2023-07-31,Submitted,2023-08-31,No,,,,,2023-07-31 20:13:27,2023-07-31 20:13:27
"5331690634938608","53316906349386082",pansala priyaben Amit bhai,National Health Card,Amreli,,,Documentation_Complete,2023-08-01 14:30:54,completed,2023-07-31,Submitted,2023-08-31,No,,,,,2023-07-31 20:13:27,2023-07-31 20:13:27
"5331690634938608","53316906349386083",pansala Bipin bhai Amit bhai,National Health Card,Amreli,,,Documentation_Complete,2023-08-01 14:31:33,completed,2023-07-31,Submitted,2023-08-31,No,,,,,2023-07-31 20:13:27,2023-07-31 20:13:27
"5331690634938608","53316906349386084",pansala Divya Amit bhai,National Health Card,Amreli,,,Documentation_Complete,2023-08-01 14:32:13,completed,2023-07-31,Submitted,2023-08-31,No,,,,,2023-07-31 20:13:27,2023-07-31 20:13:27
"5331690794637583","53316907946375831",shailesh balubhai viradiya,National Health Card,Amreli,,,Documentation_Complete,2023-08-01 14:32:16,completed,2023-07-31,Submitted,2023-08-31,No,,,,,2023-07-31 20:13:27,2023-07-31 20:13:27
"5331690794637583","53316907946375832",bhavnaben shaileshbhai viradiya,National Health Card,Amreli,,,Documentation_Complete,2023-08-01 14:32:21,completed,2023-07-31,Submitted,2023-08-31,No,,,,,2023-07-31 20:13:27,2023-07-31 20:13:27
"5331690794637583","53316907946375833",viradiya Aniket shailesh,National Health Card,Amreli,,,Documentation_Complete,2023-08-01 14:32:24,completed,2023-07-31,Submitted,2023-08-31,No,,,,,2023-07-31 20:13:27,2023-07-31 20:13:27
"5331690794637583","53316907946375834",viradiya sejalben shailesh bhai,National Health Card,Amreli,,,Documentation_Complete,2023-08-01 14:31:54,completed,2023-07-31,Submitted,2023-08-31,No,,,,,2023-07-31 20:13:27,2023-07-31 20:13:27
"5331690794637583","53316907946375835",mansiben shailesh viradiya,National Health Card,Amreli,,,Documentation_Complete,2023-08-01 14:31:49,completed,2023-07-31,Submitted,2023-08-31,No,,,,,2023-07-31 20:13:27,2023-07-31 20:13:27
"5331690811362464","53316908113624641",manubhai hirjibhai vanani,National Health Card,Amreli,,,Documentation_Complete,2023-08-01 14:31:46,completed,2023-07-31,Submitted,2023-08-31,No,,,,,2023-07-31 20:13:27,2023-07-31 20:13:27
"5331690811362464","53316908113624642",labhuben manubhai vanani,National Health Card,Amreli,,,Documentation_Complete,2023-08-01 14:31:42,completed,2023-07-31,Submitted,2023-08-31,No,,,,,2023-07-31 20:13:27,2023-07-31 20:13:27
"5331690811362464","53316908113624643",vanani hareshbhai manubhai,National Health Card,Amreli,,,Documentation_Complete,2023-08-01 14:31:37,completed,2023-07-31,Submitted,2023-08-31,No,,,,,2023-07-31 20:13:27,2023-07-31 20:13:27
"5331690811362464","53316908113624644",vanani punamben hareshbhai,National Health Card,Amreli,,,Documentation_Complete,2023-08-01 14:31:12,completed,2023-07-31,Submitted,2023-08-31,No,,,,,2023-07-31 20:13:27,2023-07-31 20:13:27
"5331690811362464","53316908113624645",vanani namrata hareshbhai,National Health Card,Amreli,,,Documentation_Complete,2023-08-01 14:31:08,completed,2023-07-31,Submitted,2023-08-31,No,,,,,2023-07-31 20:13:27,2023-07-31 20:13:27
"5331690811362464","53316908113624646",movlik hareshbhai vanani,National Health Card,Amreli,,,Documentation_Complete,2023-08-01 14:18:31,completed,2023-07-31,Submitted,2023-08-31,No,,,,,2023-07-31 20:13:27,2023-07-31 20:13:27
"5331690811362464","53316908113624647",Mohit hareshbhai vanani,National Health Card,Amreli,,,Documentation_Complete,2023-08-01 14:30:20,completed,2023-07-31,Submitted,2023-08-31,No,,,,,2023-07-31 20:13:27,2023-07-31 20:13:27
"5331690812488664","53316908124886641",Rameshbhai najabhai makavana,National Health Card,Amreli,,,Documentation_Complete,2023-08-01 14:30:25,completed,2023-07-31,Submitted,2023-08-31,No,,,,,2023-07-31 20:13:27,2023-07-31 20:13:27
"5331690812488664","53316908124886642",Manjula ben Rameshbhai makavana,National Health Card,Amreli,,,Documentation_Complete,2023-08-01 14:30:27,completed,2023-07-31,Submitted,2023-08-31,No,,,,,2023-07-31 20:13:27,2023-07-31 20:13:27
"5331690812488664","53316908124886643",Dhaval Rameshbhai makavana,National Health Card,Amreli,,,Documentation_Complete,2023-08-01 14:30:31,completed,2023-07-31,Submitted,2023-08-31,No,,,,,2023-07-31 20:13:27,2023-07-31 20:13:27
"5331690812488664","53316908124886644",kesarben najabhai makavana,National Health Card,Amreli,,,Documentation_Complete,2023-08-01 14:30:34,completed,2023-07-31,Submitted,2023-08-31,No,,,,,2023-07-31 20:13:27,2023-07-31 20:13:27
"5331690812488664","53316908124886645",Kirti Rameshbhai makavana,National Health Card,Amreli,,,Documentation_Complete,2023-08-01 14:31:04,completed,2023-07-31,Submitted,2023-08-31,No,,,,,2023-07-31 20:13:27,2023-07-31 20:13:27
"5331690813564922","53316908135649221",Tushar bhai Vasantrai dholakiya,National Health Card,Amreli,,,Documentation_Complete,2023-08-01 14:31:01,completed,2023-07-31,Submitted,2023-08-31,No,,,,,2023-07-31 20:13:27,2023-07-31 20:13:27
"5331690813564922","53316908135649222",ushaben tusharbhai dholakiya,National Health Card,Amreli,,,Documentation_Complete,2023-08-01 14:30:58,completed,2023-07-31,Submitted,2023-08-31,No,,,,,2023-07-31 20:13:27,2023-07-31 20:13:27
"5331690813564922","53316908135649223",dip tusharbhai dholakiya,National Health Card,Amreli,,,Documentation_Complete,2023-08-01 14:32:27,completed,2023-07-31,Submitted,2023-08-31,No,,,,,2023-07-31 20:13:27,2023-07-31 20:13:27
"5331690868984431","53316908689844311",solanki jatinbhai manshukhbhai,National Health Card,Amreli,,,Documentation_Complete,2023-08-01 14:29:49,completed,2023-08-01,Submitted,2023-08-01,Yes,,2023-08-01,,,2023-08-01 11:42:41,2023-08-01 11:42:41
"5331690868984431","53316908689844312",solanki mahekjatinbhai,National Health Card,Amreli,,,Documentation_Complete,2023-08-01 14:29:52,completed,2023-08-01,Submitted,2023-08-01,Yes,,2023-08-01,,,2023-08-01 11:42:41,2023-08-01 11:42:41
"5331690868984431","53316908689844313",solanki pragati jatinbhai,National Health Card,Amreli,,,Documentation_Complete,2023-08-01 14:29:55,completed,2023-08-01,Submitted,2023-08-01,Yes,,2023-08-01,,,2023-08-01 11:42:41,2023-08-01 11:42:41
"5331690868984431","53316908689844314",solanki Manishaben jatinbhai,National Health Card,Amreli,,,Documentation_Complete,2023-08-01 14:30:16,completed,2023-08-01,Submitted,2023-08-01,Yes,,2023-08-01,,,2023-08-01 11:42:41,2023-08-01 11:42:41
"11020101886","110201018864",Nishant Vasantbhai chavada,National Health Card,Amreli,,,Documentation_Complete,2023-08-01 14:27:29,completed,2023-08-01,Submitted,2023-08-01,Yes,,2023-08-01,,,2023-08-01 12:22:34,2023-08-01 12:22:34
"5331690871943038","53316908719430381",bagada Mukesh Bhai dalabhai,National Health Card,Amreli,,,Documentation_Complete,2023-08-01 14:27:32,completed,2023-08-01,Submitted,2023-08-01,Yes,,2023-08-01,,,2023-08-01 12:22:34,2023-08-01 12:22:34
"5331690871943038","53316908719430382",sneha Mukeshbhai bagada,National Health Card,Amreli,,,Documentation_Complete,2023-08-01 14:28:22,completed,2023-08-01,Submitted,2023-08-01,Yes,,2023-08-01,,,2023-08-01 12:22:34,2023-08-01 12:22:34
"5331690871943038","53316908719430383",bagada Sonal ben Mukeshbhai,National Health Card,Amreli,,,Documentation_Complete,2023-08-01 14:29:12,completed,2023-08-01,Submitted,2023-08-01,Yes,,2023-08-01,,,2023-08-01 12:22:34,2023-08-01 12:22:34
"5331690871943038","53316908719430384",bagada nirmalaben dalabhai,National Health Card,Amreli,,,Documentation_Complete,2023-08-01 14:28:54,completed,2023-08-01,Submitted,2023-08-01,Yes,,2023-08-01,,,2023-08-01 12:22:34,2023-08-01 12:22:34
"5331690873173796","53316908731737961",parmar sharadchand devjibhai,National Health Card,Amreli,,,Documentation_Complete,2023-08-01 14:19:22,completed,2023-08-01,Submitted,2023-08-01,Yes,,2023-08-01,,,2023-08-01 12:44:50,2023-08-01 12:44:50
"5331690873173796","53316908731737962",parmar Chandni sharadchandr,National Health Card,Amreli,,,Documentation_Complete,2023-08-01 14:19:27,completed,2023-08-01,Submitted,2023-08-01,Yes,,2023-08-01,,,2023-08-01 12:44:50,2023-08-01 12:44:50
"5331690873173796","53316908731737963",Parmar shitalben shardbhai,National Health Card,Amreli,,,Documentation_Complete,2023-08-01 14:19:32,completed,2023-08-01,Submitted,2023-08-01,Yes,,2023-08-01,,,2023-08-01 12:44:50,2023-08-01 12:44:50
"5331690873173796","53316908731737964",Vivek sharadbhai Parmar,National Health Card,Amreli,,,Documentation_Complete,2023-08-01 14:27:23,completed,2023-08-01,Submitted,2023-08-01,Yes,,2023-08-01,,,2023-08-01 12:44:50,2023-08-01 12:44:50
"5331690873173796","53316908731737965",Vanshika sharadbhai Parmar,National Health Card,Amreli,,,Documentation_Complete,2023-08-01 14:27:53,completed,2023-08-01,Submitted,2023-08-01,Yes,,2023-08-01,,,2023-08-01 12:44:50,2023-08-01 12:44:50
"5331690874295894","53316908742958941",Bhatt narendrabhai mansukhbhai,National Health Card,Amreli,,,Documentation_Complete,2023-08-01 14:19:17,completed,2023-08-01,Submitted,2023-08-01,Yes,,2023-08-01,,,2023-08-01 12:56:46,2023-08-01 12:56:46
"5331690874295894","53316908742958942",Bhatt trupti ben narendr bhai,National Health Card,Amreli,,,Documentation_Complete,2023-08-01 14:18:55,completed,2023-08-01,Submitted,2023-08-01,Yes,,2023-08-01,,,2023-08-01 12:56:46,2023-08-01 12:56:46
"5331690874295894","53316908742958943",Bhatt dharmik narendrabhai,National Health Card,Amreli,,,Documentation_Complete,2023-08-01 14:27:45,completed,2023-08-01,Submitted,2023-08-01,Yes,,2023-08-01,,,2023-08-01 12:56:46,2023-08-01 12:56:46
"5331690880694500","53316908806945001",harshad bhai nanjibhai jethava,National Health Card,Amreli,,,Documentation_Complete,2023-08-02 12:20:50,completed,2023-08-01,Submitted,2023-08-01,Yes,,2023-08-01,,,2023-08-01 14:50:45,2023-08-01 14:50:45
"5331690880694500","53316908806945002",jethava mirali harshadbhai,National Health Card,Amreli,,,Documentation_Complete,2023-08-02 12:20:53,completed,2023-08-01,Submitted,2023-08-01,Yes,,2023-08-01,,,2023-08-01 14:50:45,2023-08-01 14:50:45
"5331690880694500","53316908806945003",rucha harshadbhai jethava,National Health Card,Amreli,,,Documentation_Complete,2023-08-02 12:20:58,completed,2023-08-01,Submitted,2023-08-01,Yes,,2023-08-01,,,2023-08-01 14:50:45,2023-08-01 14:50:45
"5331690880694500","53316908806945004",yashvi harshad bhai jethava,National Health Card,Amreli,,,Documentation_Complete,2023-08-02 12:21:06,completed,2023-08-01,Submitted,2023-08-01,Yes,,2023-08-01,,,2023-08-01 14:50:45,2023-08-01 14:50:45
"5331690880694500","53316908806945005",Priti ben harshadbhai jethava,National Health Card,Amreli,,,Documentation_Complete,2023-08-02 12:21:44,completed,2023-08-01,Submitted,2023-08-01,Yes,,2023-08-01,,,2023-08-01 14:50:45,2023-08-01 14:50:45
"5331690881991243","53316908819912431",kundnani rajeshbhai chandubhai,National Health Card,Amreli,,,Documentation_Complete,2023-08-02 12:20:40,completed,2023-08-01,Submitted,2023-08-01,Yes,,2023-08-01,,,2023-08-01 15:07:07,2023-08-01 15:07:07
"5331690881991243","53316908819912432",kundanani simranben rajeshbhai,National Health Card,Amreli,,,Documentation_Complete,2023-08-02 12:20:44,completed,2023-08-01,Submitted,2023-08-01,Yes,,2023-08-01,,,2023-08-01 15:07:07,2023-08-01 15:07:07
"5331690881991243","53316908819912433",mit rajeshkumar kundnani,National Health Card,Amreli,,,Documentation_Complete,2023-08-02 12:20:06,completed,2023-08-01,Submitted,2023-08-01,Yes,,2023-08-01,,,2023-08-01 15:07:07,2023-08-01 15:07:07
"5331690882965712","53316908829657121",Bhatt arvindbhai mansukhbhai,National Health Card,Amreli,,,Documentation_Complete,2023-08-02 12:20:01,completed,2023-08-01,Submitted,2023-08-01,Yes,,2023-08-01,,,2023-08-01 15:48:08,2023-08-01 15:48:08
"5331690882965712","53316908829657122",Bhatt nitaben arvindbhai ,National Health Card,Amreli,,,Documentation_Complete,2023-08-01 16:32:08,completed,2023-08-01,Submitted,2023-08-01,Yes,,2023-08-01,,,2023-08-01 15:48:08,2023-08-01 15:48:08
"5331690882965712","53316908829657123",Bhatt ridhidhi arvindbhai,National Health Card,Amreli,,,Documentation_Complete,2023-08-01 16:27:55,completed,2023-08-01,Submitted,2023-08-01,Yes,,2023-08-01,,,2023-08-01 15:48:08,2023-08-01 15:48:08
"5331690882965712","53316908829657124",Bhatt dhru arvindbhai ,National Health Card,Amreli,,,Documentation_Complete,2023-08-01 16:27:52,completed,2023-08-01,Submitted,2023-08-01,Yes,,2023-08-01,,,2023-08-01 15:48:08,2023-08-01 15:48:08
"5331690882965712","53316908829657125",Bhatt sachi arvindbhai ,National Health Card,Amreli,,,Documentation_Complete,2023-08-01 16:27:48,completed,2023-08-01,Submitted,2023-08-01,Yes,,2023-08-01,,,2023-08-01 15:48:08,2023-08-01 15:48:08
"5331690886075195","53316908860751951",makavana manhar jadavbhai,National Health Card,Amreli,,,Documentation_Complete,2023-08-02 12:19:52,completed,2023-08-01,Submitted,2023-08-01,Yes,,2023-08-01,,,2023-08-01 17:22:43,2023-08-01 17:22:43
"5331690886075195","53316908860751952",meet manharbhai makavana,National Health Card,Amreli,,,Documentation_Complete,2023-08-02 12:19:47,completed,2023-08-01,Submitted,2023-08-01,Yes,,2027-08-01,,,2023-08-01 17:22:43,2023-08-01 17:22:43
"5331690886075195","53316908860751953",manishaben manharbhai makwana,National Health Card,Amreli,,,Documentation_Complete,2023-08-02 12:19:41,completed,2023-08-01,Submitted,2023-08-01,Yes,,2023-08-01,,,2023-08-01 17:22:43,2023-08-01 17:22:43
"5331690886075195","53316908860751954",rohan manharbhai makwana,National Health Card,Amreli,,,Documentation_Complete,2023-08-02 12:19:35,completed,2023-08-01,Submitted,2023-08-01,Yes,,2023-08-01,,,2023-08-01 17:22:43,2023-08-01 17:22:43
"11020101232","110201012325",kundanben chandubhai mesavaniya,National Health Card,Amreli,,,Documentation_Complete,2023-08-02 12:18:52,completed,2023-08-01,Submitted,2023-08-01,Yes,,2023-08-01,,,2023-08-01 17:22:43,2023-08-01 17:22:43
"11020101232","110201012326",vijaybhai chandubhai mesvaniya,National Health Card,Amreli,,,Documentation_Complete,2023-08-02 12:18:35,completed,2023-08-01,Submitted,2023-08-01,Yes,,2023-08-01,,,2023-08-01 17:22:43,2023-08-01 17:22:43
"5331690976157494","53316909761574941",ghoghari dhanjibhai vallbhbhai ,National Health Card,Amreli,,,Documentation_Complete,2023-08-03 22:57:41,completed,2023-08-02,Submitted,2023-08-02,Yes,,2023-03-08,,,2023-08-02 21:19:37,2023-08-02 21:19:37
"5331690976157494","53316909761574942",manjulaben dhanjibhai ghoghari,National Health Card,Amreli,,,Documentation_Complete,2023-08-03 23:02:20,completed,2023-08-02,Submitted,2023-08-02,Yes,,2023-03-08,,,2023-08-02 21:19:37,2023-08-02 21:19:37
"5331690976157494","53316909761574943",ghoghari jemin dhanjibhai ,National Health Card,Amreli,,,Documentation_Complete,2023-08-03 23:02:26,completed,2023-08-02,Submitted,2023-08-02,Yes,,2023-03-08,,,2023-08-02 21:19:37,2023-08-02 21:19:37
"5331690976157494","53316909761574944",ghoghari abhay dhanjibhai ,National Health Card,Amreli,,,Documentation_Complete,2023-08-03 23:02:31,completed,2023-08-02,Submitted,2023-08-02,Yes,,2023-03-08,,,2023-08-02 21:19:37,2023-08-02 21:19:37
"11020101559","110201015594",devansi maheshbhai dabhi,E Shram Card,Amreli,,,Documentation_Complete,2023-08-03 22:57:37,completed,2023-03-02,Submitted,2023-02-08,Yes,,2023-05-08,,,2023-08-02 21:43:45,2023-08-02 21:43:45
"11020101559","110201015595",mitalben Maheshbhai dabhi,E Shram Card,Amreli,,,Documentation_Complete,2023-08-03 22:56:12,completed,2023-08-02,Submitted,2023-02-08,Yes,,2023-05-08,,,2023-08-02 21:43:45,2023-08-02 21:43:45
"11020101559","110201015596",kasiben chanabhai dabhi,E Shram Card,Amreli,,,Documentation_Complete,2023-08-03 22:56:08,completed,2023-08-02,Submitted,2023-02-08,Yes,,2023-05-08,,,2023-08-02 21:43:45,2023-08-02 21:43:45
"11020101559","110201015597",manishaben chanabhai dabhi,E Shram Card,Amreli,,,Documentation_Complete,2023-08-03 22:56:06,completed,2023-08-02,Submitted,2023-02-08,Yes,,2023-05-08,,,2023-08-02 21:43:45,2023-08-02 21:43:45
"5331691066776467","53316910667764671",godaliya Baldevbhai tulshibhai,Ayushman Bharat Card  PMJAY ,Amreli,,,Documentation_Complete,2023-08-03 22:56:02,completed,2023-04-03,Submitted,2023-08-03,Yes,,2023-08-07,,,2023-08-03 19:07:06,2023-08-03 19:07:06
"5331691066776467","53316910667764671",godaliya Baldevbhai tulshibhai,E Shram Card,Amreli,,,Documentation_Complete,2023-08-03 22:56:00,completed,2023-08-03,Submitted,2023-08-03,Yes,,2023-07-08,,,2023-08-03 19:07:06,2023-08-03 19:07:06
"5331691066776467","53316910667764673",godaliya Harsha ben Baldevbhai,Ayushman Bharat Card  PMJAY ,Amreli,,,Documentation_Complete,2023-08-03 22:50:38,completed,2023-08-03,Submitted,2023-08-03,Yes,,2023-08-07,,,2023-08-03 19:07:06,2023-08-03 19:07:06
"5331691066776467","53316910667764673",godaliya Harsha ben Baldevbhai,E Shram Card,Amreli,,,Documentation_Complete,2023-08-03 22:50:34,completed,2023-08-03,Submitted,2023-08-03,Yes,,2023-07-08,,,2023-08-03 19:07:06,2023-08-03 19:07:06
"5331691066776467","53316910667764672",godaliya aansh Baldevbhai,Ayushman Bharat Card  PMJAY ,Amreli,,,Documentation_Complete,2023-08-03 22:50:29,completed,2023-08-03,Submitted,2023-08-03,Yes,,2023-08-07,,,2023-08-03 19:07:06,2023-08-03 19:07:06
"5331691066776467","53316910667764671",godaliya Baldevbhai tulshibhai,Ayushman Bharat Card linkage with Aadhar Card,Amreli,,,Documentation_Complete,2023-08-03 22:50:09,completed,2023-08-03,Submitted,2023-08-03,,,2023-08-22,not agree,not agree,2023-08-03 19:07:06,2023-08-03 19:07:06
"5331691070975399","53316910709753991",dholakiya karshanbhai mandanbhai,National Health Card,Amreli,,,Documentation_Complete,2023-08-03 22:49:12,completed,2023-08-03,Submitted,2023-08-03,Yes,,2023-07-08,,,2023-08-03 19:48:36,2023-08-03 19:48:36
"5331691070975399","53316910709753992",dholakiya jituben karshanbhai,National Health Card,Amreli,,,Documentation_Complete,2023-08-03 22:49:17,completed,2023-08-03,Submitted,2023-08-03,Yes,,2023-07-08,,,2023-08-03 19:48:36,2023-08-03 19:48:36
"5331691070975399","53316910709753993",dhadhukiya dikshit kanubhai,National Health Card,Amreli,,,Documentation_Complete,2023-08-03 22:49:21,completed,2023-08-03,Submitted,2023-08-03,Yes,,2023-07-08,,,2023-08-03 19:48:36,2023-08-03 19:48:36
"5331691070975399","53316910709753994",Chetan bhai kanubhai dholakiya,National Health Card,Amreli,,,Documentation_Complete,2023-08-03 22:49:32,completed,2023-08-03,Submitted,2023-08-03,Yes,,2023-07-08,,,2023-08-03 19:48:36,2023-08-03 19:48:36
"5331691070975399","53316910709753995",kanubhai karshanbhai dholakiya,National Health Card,Amreli,,,Documentation_Complete,2023-08-03 22:49:51,completed,2023-08-03,Submitted,2023-08-03,Yes,,2023-07-08,,,2023-08-03 19:48:36,2023-08-03 19:48:36
"5331691070975399","53316910709753996",rekhaben kanubhai dholakiya,National Health Card,Amreli,,,Documentation_Complete,2023-08-03 22:49:08,completed,2023-08-03,Submitted,2023-08-03,Yes,,2023-07-08,,,2023-08-03 19:48:36,2023-08-03 19:48:36
"5331691072567613","53316910725676131",erfanbhai harubhai nagani,National Health Card,Amreli,,,Documentation_Complete,2023-08-03 22:47:57,completed,2023-08-03,Submitted,2023-08-03,Yes,,2023-07-08,,,2023-08-03 20:23:23,2023-08-03 20:23:23
"5331691072567613","53316910725676132",gulsanben iefanbhai nagani,National Health Card,Amreli,,,Documentation_Complete,2023-08-03 22:47:54,completed,2023-08-03,Submitted,2023-08-03,Yes,,2023-07-08,,,2023-08-03 20:23:23,2023-08-03 20:23:23
"5331691072567613","53316910725676133",jarinaben harunbhai nagani,National Health Card,Amreli,,,Documentation_Complete,2023-08-03 22:47:49,completed,2023-08-03,Submitted,2023-08-03,Yes,,2023-07-08,,,2023-08-03 20:23:23,2023-08-03 20:23:23
"5331691072567613","53316910725676134",harsnain irfanbhai nagani,National Health Card,Amreli,,,Documentation_Complete,2023-08-03 22:47:45,completed,2023-08-03,Submitted,2023-08-03,Yes,,2023-07-08,,,2023-08-03 20:23:23,2023-08-03 20:23:23
"5331691072567613","53316910725676135",shahejad Irfan bhai nagani,National Health Card,Amreli,,,Documentation_Complete,2023-08-03 22:47:41,completed,2023-08-03,Submitted,2023-08-03,Yes,,2023-07-08,,,2023-08-03 20:23:23,2023-08-03 20:23:23
"5331691471596553","53316914715965531",lodariya Dinesh gobarbhai,Ayushman Bharat Card  PMJAY ,Amreli,,,Documentation_Complete,2023-08-08 13:25:06,completed,2023-04-04,Submitted,2023-04-08,Yes,,2023-08-08,,,2023-08-08 10:53:12,2023-08-08 10:53:12
"5331691471596553","53316914715965531",lodariya Dinesh gobarbhai,E Shram Card,Amreli,,,Documentation_Complete,2023-08-10 16:18:27,completed,2023-04-08,Submitted,2023-04-08,Yes,,2023-08-08,,,2023-08-08 10:53:12,2023-08-08 10:53:12
"5331691471596553","53316914715965532",Ketan bhai Dinesh bhai lodariya,Ayushman Bharat Card  PMJAY ,Amreli,,,Documentation_Complete,2023-08-10 16:18:33,completed,2023-04-08,Submitted,2023-04-08,Yes,,2023-08-08,,,2023-08-08 10:53:12,2023-08-08 10:53:12
"5331691488152610","53316914881526101",rajvirsih pranavsih Bhandariya ,Ayushman Bharat Card  PMJAY ,Amreli,,,Documentation_Complete,2023-08-10 16:18:23,completed,2023-04-08,Submitted,2023-04-08,Yes,,2023-08-08,,,2023-08-08 15:26:58,2023-08-08 15:26:58
"5331691487068594","53316914870685941",kalena vipulbhai mangbhai,Ayushman Bharat Card  PMJAY ,Amreli,,,Documentation_Complete,2023-08-10 16:18:18,completed,2023-04-08,Submitted,2023-04-08,Yes,,2023-08-08,,,2023-08-08 15:27:34,2023-08-08 15:27:34
"5331691487068594","53316914870685941",kalena vipulbhai mangbhai,E Shram Card,Amreli,,,Documentation_Complete,2023-08-10 16:18:00,completed,2023-08-04,Submitted,2023-08-04,Yes,,2023-08-08,,,2023-08-08 15:27:34,2023-08-08 15:27:34
"5331691487068594","53316914870685942",kalena Sujal kumar,Ayushman Bharat Card  PMJAY ,Amreli,,,Documentation_Complete,2023-08-10 16:17:55,completed,2023-08-04,Submitted,2023-08-04,Yes,,2023-08-08,,,2023-08-08 15:27:34,2023-08-08 15:27:34
"11020101052","110201010526",ghoghari kantibhai,E Shram Card,Amreli,,,Documentation_Complete,2023-08-10 16:17:15,completed,2023-08-04,Submitted,2023-08-04,Yes,,2023-08-08,,,2023-08-09 15:57:18,2023-08-09 15:57:18
"5331691573466801","53316915734668011",hirenbhai tarunbhai borisa,E Shram Card,Amreli,,,Documentation_Complete,2023-08-10 16:16:18,completed,2023-08-04,Submitted,2023-08-04,Yes,,2023-08-08,,,2023-08-09 15:57:18,2023-08-09 15:57:18
"5331691575250733","53316915752507331",Vipul meghjibhai dabhi,Ayushman Bharat Card  PMJAY ,Amreli,,,Documentation_Complete,2023-08-10 16:15:41,completed,2023-08-04,Submitted,2023-08-04,Yes,,2023-08-08,,,2023-08-09 15:57:18,2023-08-09 15:57:18
"5331691575250733","53316915752507332",Parul Vipul Bhai dabhi,Ayushman Bharat Card  PMJAY ,Amreli,,,Documentation_Complete,2023-08-10 16:16:33,completed,2023-08-04,Submitted,2023-08-04,Yes,,2023-08-08,,,2023-08-09 15:57:18,2023-08-09 15:57:18
"5331691576201722","53316915762017221",santush nareshbhai tamatta,E Shram Card,Amreli,,,Documentation_Complete,2023-08-10 16:17:11,completed,2023-08-04,Submitted,2023-08-04,Yes,,2023-08-08,,,2023-08-09 15:57:18,2023-08-09 15:57:18
"5331691576201722","53316915762017221",santush nareshbhai tamatta,Ayushman Bharat Card  PMJAY ,Amreli,,,Documentation_Complete,2023-08-10 16:17:04,completed,2023-08-04,Submitted,2023-08-04,Yes,,2023-08-08,,,2023-08-09 15:57:18,2023-08-09 15:57:18
"5331691576201722","53316915762017222",ridhyam santush tamatta,Ayushman Bharat Card  PMJAY ,Amreli,,,Documentation_Complete,2023-08-10 16:16:59,completed,2023-08-04,Submitted,2023-08-04,Yes,,2023-08-08,,,2023-08-09 15:57:18,2023-08-09 15:57:18
"5331691576201722","53316915762017223",puja santush tamatta,E Shram Card,Amreli,,,Documentation_Complete,2023-08-10 16:16:54,completed,2023-08-04,Submitted,2023-08-04,Yes,,2023-08-08,,,2023-08-09 15:57:18,2023-08-09 15:57:18
"5331691576201722","53316915762017223",puja santush tamatta,Ayushman Bharat Card  PMJAY ,Amreli,,,Documentation_Complete,2023-08-10 16:16:01,completed,2023-08-04,Submitted,2023-08-04,Yes,,2023-08-08,,,2023-08-09 15:57:18,2023-08-09 15:57:18
"5331691577152394","53316915771523941",Rajeshbhai parbatbhai chodvadiy,E Shram Card,Amreli,,,Documentation_Complete,2023-08-10 16:13:18,completed,2023-08-04,Submitted,2023-08-04,Yes,,2023-08-08,,,2023-08-10 14:08:55,2023-08-10 14:08:55
"5331691577152394","53316915771523942",palak rajubhai sodavadiya,E Shram Card,Amreli,,,Documentation_Complete,2023-08-10 16:13:25,completed,2023-08-04,Submitted,2023-08-04,Yes,,2023-08-08,,,2023-08-10 14:08:55,2023-08-10 14:08:55
"5331691601119425","53316916011194251",dineshbhai nanjibhai Rathod,E Shram Card,Amreli,,,Documentation_Complete,2023-08-10 16:12:10,completed,2023-08-04,Submitted,2023-08-04,Yes,,2023-08-08,,,2023-08-10 14:08:55,2023-08-10 14:08:55
"5331691601119425","53316916011194251",dineshbhai nanjibhai Rathod,Ayushman Bharat Card  PMJAY ,Amreli,,,Documentation_Complete,2023-08-10 16:12:05,completed,2023-08-04,Submitted,2023-08-04,Yes,,2023-08-08,,,2023-08-10 14:08:55,2023-08-10 14:08:55
"5331691606588448","53316916065884481",sanjaybhai ramanikbhai Parmar,E Shram Card,Amreli,,,Documentation_Complete,2023-08-10 16:10:13,completed,2023-08-04,Submitted,2023-08-04,Yes,,2023-08-08,,,2023-08-10 14:08:55,2023-08-10 14:08:55
"5331691606588448","53316916065884481",sanjaybhai ramanikbhai Parmar,Ayushman Bharat Card  PMJAY ,Amreli,,,Documentation_Complete,2023-08-10 16:09:28,completed,2023-08-04,Submitted,2023-08-04,Yes,,2023-08-08,,,2023-08-10 14:08:55,2023-08-10 14:08:55
"5331691606588448","53316916065884482",jyotiben sanjaybhai Parmar,E Shram Card,Amreli,,,Documentation_Complete,2023-08-10 16:09:22,completed,2023-08-04,Submitted,2023-08-04,Yes,,2023-08-08,,,2023-08-10 14:08:55,2023-08-10 14:08:55
"5331691606588448","53316916065884482",jyotiben sanjaybhai Parmar,Ayushman Bharat Card  PMJAY ,Amreli,,,Documentation_Complete,2023-08-10 16:10:08,completed,2023-08-04,Submitted,2023-08-04,Yes,,2023-08-08,,,2023-08-10 14:08:55,2023-08-10 14:08:55
"5331691606588448","53316916065884483",Bhargav Sanjay Bhai parmar,Ayushman Bharat Card  PMJAY ,Amreli,,,Documentation_Complete,2023-08-10 16:10:00,completed,2023-08-04,Submitted,2023-08-04,Yes,,2023-08-08,,,2023-08-10 14:08:55,2023-08-10 14:08:55
"5331691606588448","53316916065884484",prins sanjaybhai Parmar,Ayushman Bharat Card  PMJAY ,Amreli,,,Documentation_Complete,2023-08-10 16:09:54,completed,2023-08-04,Submitted,2023-08-04,Yes,,2023-08-08,,,2023-08-10 14:08:55,2023-08-10 14:08:55
"5331691635517905","53316916355179052",manishaben Naresh Bhai Chouhan,E Shram Card,Amreli,,,Documentation_Complete,2023-08-10 16:10:57,completed,2023-08-04,Submitted,2023-08-04,Yes,,2023-08-08,,,2023-08-10 14:08:55,2023-08-10 14:08:55
"5331691635517905","53316916355179051",Nareshbhai Hira Bhai Chouhan,E Shram Card,Amreli,,,Documentation_Complete,2023-08-10 16:10:52,completed,2023-08-04,Submitted,2023-08-04,Yes,,2023-08-08,,,2023-08-10 14:08:55,2023-08-10 14:08:55
"5331691637168074","53316916371680741",Vijay Bhai natavarlala bhadigji,Ayushman Bharat Card  PMJAY ,Amreli,,,Documentation_Complete,2023-08-10 16:10:47,completed,2023-08-04,Submitted,2023-08-04,Yes,,2023-08-08,,,2023-08-10 14:08:55,2023-08-10 14:08:55
"5331691637935845","53316916379358451",Sureshbhai naranbhai Parmar,Ayushman Bharat Card  PMJAY ,Amreli,,,Documentation_Complete,2023-08-10 16:10:42,completed,2023-08-04,Submitted,2023-08-04,Yes,,2023-08-08,,,2023-08-10 14:08:55,2023-08-10 14:08:55
"5331691637935845","53316916379358452",Sumit Sureshbhai parmar,Ayushman Bharat Card  PMJAY ,Amreli,,,Documentation_Complete,2023-08-10 16:11:44,completed,2023-08-04,Submitted,2023-08-04,Yes,,2023-08-08,,,2023-08-10 14:08:55,2023-08-10 14:08:55
"5331691637935845","53316916379358453",bhavnaben Sureshbhai parmar,Ayushman Bharat Card  PMJAY ,Amreli,,,Documentation_Complete,2023-08-10 16:13:57,completed,2023-08-04,Submitted,2023-08-04,Yes,,2023-08-08,,,2023-08-10 14:08:55,2023-08-10 14:08:55
"5331691637935845","53316916379358454",jasmi Sureshbhai parmar,Ayushman Bharat Card  PMJAY ,Amreli,,,Documentation_Complete,2023-08-10 16:14:35,completed,2023-08-04,Submitted,2023-08-04,Yes,,2023-08-08,,,2023-08-10 14:08:55,2023-08-10 14:08:55
"5331691642815265","53316916428152651",Vipul Bhai dhanji Bhai dabhi,Ayushman Bharat Card  PMJAY ,Amreli,,,Documentation_Complete,2023-08-10 16:14:39,completed,2023-08-04,Submitted,2023-08-04,Yes,,2023-08-08,,,2023-08-10 14:08:55,2023-08-10 14:08:55
"5331691654544860","53316916545448601",gunvant Vallabh Bhai kalena,E Shram Card,Amreli,,,Documentation_Complete,2023-08-10 16:14:49,completed,2023-08-05,Submitted,2023-08-05,Yes,,2023-08-08,,,2023-08-10 14:08:55,2023-08-10 14:08:55
"5331691654544860","53316916545448601",gunvant Vallabh Bhai kalena,Ayushman Bharat Card  PMJAY ,Amreli,,,Documentation_Complete,2023-08-10 16:14:54,completed,2023-08-05,Submitted,2023-08-05,Yes,,2023-08-08,,,2023-08-10 14:08:55,2023-08-10 14:08:55
"5331691654544860","53316916545448602",rina Ben gunvant Bhai kalena,E Shram Card,Amreli,,,Documentation_Complete,2023-08-10 16:14:59,completed,2023-08-05,Submitted,2023-08-05,Yes,,2023-08-08,,,2023-08-10 14:08:55,2023-08-10 14:08:55
"5331691654544860","53316916545448602",rina Ben gunvant Bhai kalena,Ayushman Bharat Card  PMJAY ,Amreli,,,Documentation_Complete,2023-08-10 16:09:17,completed,2023-08-05,Submitted,2023-08-05,Yes,,2023-08-08,,,2023-08-10 14:08:55,2023-08-10 14:08:55
"5331691654544860","53316916545448603",Bhumi gunvant Bhai kalena,E Shram Card,Amreli,,,Documentation_Complete,2023-08-10 16:07:22,completed,2023-08-05,Submitted,2023-08-05,Yes,,2023-08-08,,,2023-08-10 14:08:55,2023-08-10 14:08:55
"5331691654544860","53316916545448603",Bhumi gunvant Bhai kalena,Ayushman Bharat Card  PMJAY ,Amreli,,,Documentation_Complete,2023-08-10 16:15:24,completed,2023-08-05,Submitted,2023-08-05,Yes,,2023-08-08,,,2023-08-10 14:08:55,2023-08-10 14:08:55
"5331691655632731","53316916556327312",hajaraben aminbhai dal,E Shram Card,Amreli,,,Documentation_Complete,2023-08-10 16:15:20,completed,2023-08-05,Submitted,2023-08-05,Yes,,2023-08-08,,,2023-08-10 14:08:55,2023-08-10 14:08:55
"5331691655632731","53316916556327312",hajaraben aminbhai dal,Ayushman Bharat Card  PMJAY ,Amreli,,,Documentation_Complete,2023-08-10 16:09:50,completed,2023-08-05,Submitted,2023-08-05,Yes,,2023-08-08,,,2023-08-10 14:08:55,2023-08-10 14:08:55
"5331691655632731","53316916556327311",aminbhai shilubhai dal,E Shram Card,Amreli,,,Documentation_Complete,2023-08-10 16:15:14,completed,2023-08-05,Submitted,2023-08-05,Yes,,2023-08-08,,,2023-08-10 14:08:55,2023-08-10 14:08:55
"5331691655632731","53316916556327311",aminbhai shilubhai dal,Ayushman Bharat Card  PMJAY ,Amreli,,,Documentation_Complete,2023-08-10 16:14:30,completed,2023-08-05,Submitted,2023-08-05,Yes,,2023-08-08,,,2023-08-10 14:08:55,2023-08-10 14:08:55
"5331691655632731","53316916556327313",shahidbhai aminbhai dal,E Shram Card,Amreli,,,Documentation_Complete,2023-08-10 16:13:12,completed,2023-08-05,Submitted,2023-08-05,Yes,,2023-08-08,,,2023-08-10 14:08:55,2023-08-10 14:08:55
"5331691655632731","53316916556327313",shahidbhai aminbhai dal,Ayushman Bharat Card  PMJAY ,Amreli,,,Documentation_Complete,2023-08-10 16:11:36,completed,2023-08-05,Submitted,2023-08-05,Yes,,2023-08-08,,,2023-08-10 14:08:55,2023-08-10 14:08:55
"5331691655632731","53316916556327314",aaliyana Amin Bhai dal,Ayushman Bharat Card  PMJAY ,Amreli,,,Documentation_Complete,2023-08-10 16:10:35,completed,2023-08-05,Submitted,2023-08-05,Yes,,2023-08-08,,,2023-08-10 14:08:55,2023-08-10 14:08:55
"5331691657551333","53316916575513331",Gohil jentibhai ratnabhai,E Shram Card,Amreli,,,Documentation_Complete,2023-08-10 16:09:03,completed,2023-08-05,Submitted,2023-08-05,Yes,,2023-08-08,,,2023-08-10 14:45:15,2023-08-10 14:45:15
"5331691657551333","53316916575513331",Gohil jentibhai ratnabhai,Ayushman Bharat Card  PMJAY ,Amreli,,,Documentation_Complete,2023-08-10 16:07:39,completed,2023-08-05,Submitted,2023-08-05,Yes,,2023-08-08,,,2023-08-10 14:45:15,2023-08-10 14:45:15
"5331691657551333","53316916575513333",jemin jayantibhai Gohil,Ayushman Bharat Card  PMJAY ,Amreli,,,Documentation_Complete,2023-08-10 16:07:43,completed,2023-08-05,Submitted,2023-08-05,Yes,,2023-08-08,,,2023-08-10 14:45:15,2023-08-10 14:45:15
"5331691657551333","53316916575513334",manjula Ben jentibhai Gohil,E Shram Card,Amreli,,,Documentation_Complete,2023-08-10 16:09:12,completed,2023-08-05,Submitted,2023-08-05,Yes,,2023-08-08,,,2023-08-10 14:45:15,2023-08-10 14:45:15
"5331691657551333","53316916575513334",manjula Ben jentibhai Gohil,Ayushman Bharat Card  PMJAY ,Amreli,,,Documentation_Complete,2023-08-10 16:09:08,completed,2023-08-05,Submitted,2023-08-05,Yes,,2023-08-08,,,2023-08-10 14:45:15,2023-08-10 14:45:15
"5331691657551333","53316916575513335",parmita jentibhai Gohil,Ayushman Bharat Card  PMJAY ,Amreli,,,Documentation_Complete,2023-08-10 16:07:29,completed,2023-08-05,Submitted,2023-08-05,Yes,,2023-08-08,,,2023-08-10 14:45:15,2023-08-10 14:45:15
"5331691674367253","53316916743672531",ghanshyam bhai devjibhai kanak,E Shram Card,Amreli,,,Documentation_Complete,2023-08-12 19:24:24,completed,2023-08-05,Submitted,2023-08-05,Yes,,2023-08-08,,,2023-08-11 09:52:55,2023-08-11 09:52:55
"5331691674367253","53316916743672532",jagrutiben ghanshyam bhai kanak,E Shram Card,Amreli,,,Documentation_Complete,2023-08-12 19:24:34,completed,2023-08-05,Submitted,2023-08-05,Yes,,2023-08-08,,,2023-08-11 09:52:55,2023-08-11 09:52:55
"5331691827798975","53316918277989751",kanak ghanshyam bhai devjibhai,National Health Card,Amreli,,,Documentation_Complete,2023-08-12 19:23:40,completed,2023-08-07,Submitted,2023-08-07,Yes,,2023-08-09,,,2023-08-12 14:15:34,2023-08-12 14:15:34
"5331691827798975","53316918277989752",jagrutiben ghanshyam bhai kanak,National Health Card,Amreli,,,Documentation_Complete,2023-08-12 19:23:36,completed,2023-08-08,Submitted,2023-08-08,Yes,,2023-08-09,,,2023-08-12 14:15:34,2023-08-12 14:15:34
"5331691827798975","53316918277989753",dharmik ghanshyam Kanak,National Health Card,Amreli,,,Documentation_Complete,2023-08-12 19:23:29,completed,2023-08-08,Submitted,2023-08-08,Yes,,2023-08-09,,,2023-08-12 14:15:34,2023-08-12 14:15:34
"5331691827798975","53316918277989754",dishant ghanshyam bhai kanak,National Health Card,Amreli,,,Documentation_Complete,2023-08-12 19:23:24,completed,2023-08-08,Submitted,2023-08-08,Yes,,2023-08-09,,,2023-08-12 14:15:34,2023-08-12 14:15:34
"5331691828573083","53316918285730831",godaliya Manishbhai Raghuram bhai,National Health Card,Amreli,,,Documentation_Complete,2023-08-12 19:23:18,completed,2023-08-08,Submitted,2023-08-08,Yes,,2023-08-09,,,2023-08-12 14:15:34,2023-08-12 14:15:34
"5331691828573083","53316918285730832",godaliya Ranjanben Manishbhai,National Health Card,Amreli,,,Documentation_Complete,2023-08-12 19:22:55,completed,2023-08-08,Submitted,2023-08-08,Yes,,2023-08-09,,,2023-08-12 14:15:34,2023-08-12 14:15:34
"5331691828573083","53316918285730833",kaushal Manishbhai godaliya,National Health Card,Amreli,,,Documentation_Complete,2023-08-12 19:21:30,completed,2023-08-08,Submitted,2023-08-08,Yes,,2023-08-09,,,2023-08-12 14:15:34,2023-08-12 14:15:34
"5331691828573083","53316918285730834",godaliya aaryan Manishbhai ,National Health Card,Amreli,,,Documentation_Complete,2023-08-12 19:22:45,completed,2023-08-09,Submitted,2023-08-09,Yes,,2023-08-10,,,2023-08-12 14:15:34,2023-08-12 14:15:34
"5331691829302176","53316918293021761",laljibhai Babubhai Sarvaiya,National Health Card,Amreli,,,Documentation_Complete,2023-08-12 19:22:42,completed,2023-08-09,Submitted,2023-08-09,Yes,,2023-08-10,,,2023-08-12 14:15:34,2023-08-12 14:15:34
"5331691829302176","53316918293021762",kundanben laljibhai Sarvaiya,National Health Card,Amreli,,,Documentation_Complete,2023-08-12 19:22:38,completed,2023-08-09,Submitted,2023-08-09,Yes,,2023-08-10,,,2023-08-12 14:15:34,2023-08-12 14:15:34
"5331691829302176","53316918293021763",Aaryan laljibhai Sarvaiya,National Health Card,Amreli,,,Documentation_Complete,2023-08-12 19:22:17,completed,2023-08-09,Submitted,2023-08-09,Yes,,2023-08-10,,,2023-08-12 14:15:34,2023-08-12 14:15:34
"5331691829302176","53316918293021764",Radhika laljibhai Sarvaiya,National Health Card,Amreli,,,Documentation_Complete,2023-08-12 19:22:08,completed,2023-08-09,Submitted,2023-08-09,Yes,,2023-08-10,,,2023-08-12 14:15:34,2023-08-12 14:15:34
"5331691829302176","53316918293021765",Ronak laljibhai Sarvaiya,National Health Card,Amreli,,,Documentation_Complete,2023-08-12 19:22:03,completed,2023-08-09,Submitted,2023-08-09,Yes,,2023-08-10,,,2023-08-12 14:15:34,2023-08-12 14:15:34
"5331691830770583","53316918307705831",pokal Arvind Vallabh Bhai,National Health Card,Amreli,,,Documentation_Complete,2023-08-12 19:21:26,completed,2023-08-09,Submitted,2023-08-09,Yes,,2023-08-10,,,2023-08-12 14:37:23,2023-08-12 14:37:23
"5331691830770583","53316918307705832",gitaben arvind Bhai pokal,National Health Card,Amreli,,,Documentation_Complete,2023-08-12 19:21:15,completed,2023-08-10,Submitted,2023-08-10,Yes,,2023-08-14,,,2023-08-12 14:37:23,2023-08-12 14:37:23
"5331691830770583","53316918307705833",fenil Arvind pokal,National Health Card,Amreli,,,Documentation_Complete,2023-08-12 19:21:09,completed,2023-08-10,Submitted,2023-08-10,Yes,,2023-08-14,,,2023-08-12 14:37:23,2023-08-12 14:37:23
"5331691577152394","53316915771523941",Rajeshbhai parbatbhai chodvadiy,National Health Card,Amreli,,,Documentation_Complete,2023-08-12 19:18:00,completed,2023-08-10,Submitted,2023-08-10,Yes,,2023-08-14,,,2023-08-12 15:18:56,2023-08-12 15:18:56
"5331691577152394","53316915771523943",sodavadiya rudra Rajesh,National Health Card,Amreli,,,Documentation_Complete,2023-08-12 19:18:05,completed,2023-08-10,Submitted,2023-08-10,Yes,,2023-08-14,,,2023-08-12 15:18:56,2023-08-12 15:18:56
"5331691577152394","53316915771523942",palak rajubhai sodavadiya,National Health Card,Amreli,,,Documentation_Complete,2023-08-12 19:18:09,completed,2023-08-10,Submitted,2023-08-10,Yes,,2023-08-14,,,2023-08-12 15:18:56,2023-08-12 15:18:56
"5331691832354765","53316918323547651",khokhar Bharat Bhai mansukhbhai,National Health Card,Amreli,,,Documentation_Complete,2023-08-12 19:18:24,completed,2023-08-11,Submitted,2023-08-11,Yes,,2023-08-14,,,2023-08-12 15:18:56,2023-08-12 15:18:56
"5331691832354765","53316918323547652",khokhar induben vijaybhai,National Health Card,Amreli,,,Documentation_Complete,2023-08-12 19:21:03,completed,2023-08-11,Submitted,2023-08-11,Yes,,2023-08-14,,,2023-08-12 15:18:56,2023-08-12 15:18:56
"5331691832354765","53316918323547653",ansha vijaybhai khokhar,National Health Card,Amreli,,,Documentation_Complete,2023-08-12 19:19:24,completed,2023-08-11,Submitted,2023-08-11,Yes,,2023-08-14,,,2023-08-12 15:18:56,2023-08-12 15:18:56
"5331691832354765","53316918323547654",vraj Bharat Bhai khokhar,National Health Card,Amreli,,,Documentation_Complete,2023-08-12 19:19:17,completed,2023-08-11,Submitted,2023-08-11,Yes,,2023-08-14,,,2023-08-12 15:18:56,2023-08-12 15:18:56
"5331691832354765","53316918323547655",manishaben Bharat Bhai khokhar,National Health Card,Amreli,,,Documentation_Complete,2023-08-12 19:19:01,completed,2023-08-11,Submitted,2023-08-11,Yes,,2023-08-14,,,2023-08-12 15:18:56,2023-08-12 15:18:56
"5331691832354765","53316918323547656",darshika Bharat Bhai khokhar,National Health Card,Amreli,,,Documentation_Complete,2023-08-12 19:17:54,completed,2023-08-11,Submitted,2023-08-11,Yes,,2023-08-14,,,2023-08-12 15:18:56,2023-08-12 15:18:56
"5331691979214449","53316919792144491",kalena Bhavesh Bhai manubhai,National Health Card,Amreli,,,Documentation_Complete,2023-08-16 14:32:00,completed,2023-08-14,Submitted,2023-08-14,Yes,,2023-08-16,,,2023-08-16 09:03:57,2023-08-16 09:03:57
"5331691979214449","53316919792144492",manishaben bhaveshbhai kalena,National Health Card,Amreli,,,Documentation_Complete,2023-08-16 14:34:18,completed,2023-08-14,Submitted,2023-08-14,Yes,,2023-08-16,,,2023-08-16 09:03:57,2023-08-16 09:03:57
"5331691979214449","53316919792144493",jayaben kanubhai kalena,National Health Card,Amreli,,,Documentation_Complete,2023-08-16 14:35:24,completed,2023-08-14,Submitted,2023-08-14,Yes,,2023-08-16,,,2023-08-16 09:03:57,2023-08-16 09:03:57
"5331691979214449","53316919792144494",jenish bhaveshbhai kalena,National Health Card,Amreli,,,Documentation_Complete,2023-08-16 14:37:25,completed,2023-08-14,Submitted,2023-08-14,Yes,,2023-08-16,,,2023-08-16 09:03:57,2023-08-16 09:03:57
"11020101484","110201014845",dhanjibhai nanjibhai kalena,National Health Card,Amreli,,,Documentation_Complete,2023-08-16 14:39:46,completed,2023-08-14,Submitted,2023-08-14,Yes,,2023-08-16,,,2023-08-16 09:03:57,2023-08-16 09:03:57
"11020101484","110201014846",jivatiben dhanjibhai kalena,National Health Card,Amreli,,,Documentation_Complete,2023-08-16 14:38:57,completed,2023-08-14,Submitted,2023-08-14,Yes,,2023-08-16,,,2023-08-16 09:03:57,2023-08-16 09:03:57
"5331692153849576","53316921538495761",jethasur bhai meghjibhai Parmar,National Health Card,Amreli,,,Documentation_Complete,2023-08-16 14:32:11,completed,2023-08-16,Submitted,2023-08-16,Yes,,2023-08-18,,,2023-08-16 09:03:57,2023-08-16 09:03:57
"5331692153849576","53316921538495762",sitaben jethasur bhai Parmar,National Health Card,Amreli,,,Documentation_Complete,2023-08-16 14:32:14,completed,2023-08-16,Submitted,2023-08-16,Yes,,2023-08-18,,,2023-08-16 09:03:57,2023-08-16 09:03:57
"5331692153849576","53316921538495763",Sahil jethasur bhai Parmar,National Health Card,Amreli,,,Documentation_Complete,2023-08-16 14:32:28,completed,2023-08-16,Submitted,2023-08-16,Yes,,2023-08-18,,,2023-08-16 09:03:57,2023-08-16 09:03:57
"5331692153849576","53316921538495764",Nilesh jethasur bhai Parmar,National Health Card,Amreli,,,Documentation_Complete,2023-08-16 14:34:43,completed,2023-08-16,Submitted,2023-08-16,Yes,,2023-08-18,,,2023-08-16 09:03:57,2023-08-16 09:03:57
"5331692153849576","53316921538495765",Harshita jethasur bhai Parmar,National Health Card,Amreli,,,Documentation_Complete,2023-08-16 14:34:54,completed,2023-08-16,Submitted,2023-08-16,Yes,,2023-08-18,,,2023-08-16 09:03:57,2023-08-16 09:03:57
"5331692155934833","53316921559348331",savitaben Vallabh Bhai hirapara,National Health Card,Amreli,,,Documentation_Complete,2023-08-16 14:37:28,completed,2023-08-16,Submitted,2023-08-16,Yes,,2023-08-18,,,2023-08-16 09:03:57,2023-08-16 09:03:57
"5331692155934833","53316921559348332",Koushal lalitbhai hirapara,National Health Card,Amreli,,,Documentation_Complete,2023-08-16 14:34:59,completed,2023-08-16,Submitted,2023-08-16,Yes,,2023-08-18,,,2023-08-16 09:03:57,2023-08-16 09:03:57
"5331692155934833","53316921559348333",lalitbhai Vallabh Bhai hirapara,National Health Card,Amreli,,,Documentation_Complete,2023-08-16 14:34:56,completed,2023-08-16,Submitted,2023-08-16,Yes,,2023-08-18,,,2023-08-16 09:03:57,2023-08-16 09:03:57
"5331692155934833","53316921559348334",Darshana Lalit Bhai hirapara,National Health Card,Amreli,,,Documentation_Complete,2023-08-16 14:36:23,completed,2023-08-16,Submitted,2023-08-16,Yes,,2023-08-18,,,2023-08-16 09:03:57,2023-08-16 09:03:57
"5331692155934833","53316921559348335",hetvi lalitbhai hirapara,National Health Card,Amreli,,,Documentation_Complete,2023-08-16 14:35:26,completed,2023-08-16,Submitted,2023-08-16,Yes,,2023-08-18,,,2023-08-16 09:03:57,2023-08-16 09:03:57
"5331692155934833","53316921559348336",bhaveshbhai Vallabh Bhai hirapara,National Health Card,Amreli,,,Documentation_Complete,2023-08-16 14:38:54,completed,2023-08-16,Submitted,2023-08-16,Yes,,2023-08-18,,,2023-08-16 09:03:57,2023-08-16 09:03:57
"5331692174460296","53316921744602961",rakeshbhai maganbhai Rathod,E Shram Card,Amreli,,,Documentation_Complete,2023-08-16 14:38:29,completed,2023-08-16,Submitted,2023-08-16,Yes,,2023-08-18,,,2023-08-16 14:38:13,2023-08-16 14:38:13
"5331692175037281","53316921750372811",manishaben bharatbhai makavana,E Shram Card,Amreli,,,Documentation_Complete,2023-08-16 14:38:26,completed,2023-08-16,Submitted,2023-08-16,Yes,,2023-08-18,,,2023-08-16 14:38:13,2023-08-16 14:38:13
"11020101313","110201013138",Payal kishan Bhai bambhaniya,National Health Card,Amreli,,,Documentation_Complete,2023-08-17 18:44:43,completed,2023-08-17,Submitted,2023-08-17,Yes,,2023-08-21,,,2023-08-17 12:04:11,2023-08-17 12:04:11
"5331692252059454","53316922520594541",bhesaniya govtambhai Dhirubhai,E Shram Card,Amreli,,,Documentation_Complete,2023-08-17 18:43:13,completed,2023-08-17,Submitted,2023-08-17,Yes,,2023-08-21,,,2023-08-17 12:04:11,2023-08-17 12:04:11
"5331692252719175","53316922527191751",soneji nitaben umeshbhai,E Shram Card,Amreli,,,Documentation_Complete,2023-08-17 18:43:00,completed,2023-08-17,Submitted,2023-08-17,Yes,,2023-08-21,,,2023-08-17 12:04:11,2023-08-17 12:04:11
"11020101736","110201017363",gadhiya abdulbhai satarbhai,E Shram Card,Amreli,,,Documentation_Complete,2023-08-17 18:42:21,completed,2023-08-17,Submitted,2023-08-17,Yes,,2023-08-21,,,2023-08-17 12:04:11,2023-08-17 12:04:11
"11020101736","110201017363",gadhiya abdulbhai satarbhai,Ayushman Bharat Card  PMJAY ,Amreli,,,Documentation_Complete,2023-08-17 18:40:27,completed,2023-08-17,Submitted,2023-08-17,No,,,,,2023-08-17 12:04:11,2023-08-17 12:04:11
"11020101736","110201017364",aadilbhai abdulbhai gadhiya,Ayushman Bharat Card  PMJAY ,Amreli,,,Documentation_Complete,2023-08-17 18:44:56,completed,2023-08-17,Submitted,2023-08-17,No,,,,,2023-08-17 12:04:11,2023-08-17 12:04:11
"11020101101","110201011015",Ajani Sharda Ben kalubhai,National Health Card,Amreli,,,Documentation_Complete,2023-08-22 11:46:23,completed,2023-08-18,Submitted,2023-08-18,Yes,,2023-08-21,,,2023-08-18 13:26:51,2023-08-18 13:26:51
"11020101728","110201017286",rajubhai nanjibhai Gohil,National Health Card,Amreli,,,Documentation_Complete,2023-08-22 11:46:05,completed,2023-08-18,Submitted,2023-08-18,Yes,,2023-08-21,,,2023-08-18 13:26:51,2023-08-18 13:26:51
"11020101728","110201017284",jagrutiben rajubhai Gohil,National Health Card,Amreli,,,Documentation_Complete,2023-08-22 11:45:56,completed,2023-08-21,Submitted,2023-08-18,Yes,,2023-08-21,,,2023-08-18 13:26:51,2023-08-18 13:26:51
"11020101728","110201017285",mansi rajubhai Gohil,National Health Card,Amreli,,,Documentation_Complete,2023-08-22 11:45:52,completed,2023-08-21,Submitted,2023-08-18,Yes,,2023-08-21,,,2023-08-18 13:26:51,2023-08-18 13:26:51
"11020101725","110201017254",bhumiben rajeshbhai dabhi,National Health Card,Amreli,,,Documentation_Complete,2023-08-22 11:45:18,completed,2023-08-21,Submitted,2023-08-18,Yes,,2023-08-21,,,2023-08-18 13:26:51,2023-08-18 13:26:51
"11020101725","110201017255",ridhdhi Rajesh dabhi,National Health Card,Amreli,,,Documentation_Complete,2023-08-22 11:45:12,completed,2023-08-21,Submitted,2023-08-18,Yes,,2023-08-21,,,2023-08-18 13:26:51,2023-08-18 13:26:51
"11020101725","110201017256",palak Rajesh dabhi,National Health Card,Amreli,,,Documentation_Complete,2023-08-22 11:45:06,completed,2023-08-21,Submitted,2023-08-18,Yes,,2023-08-21,,,2023-08-18 13:26:51,2023-08-18 13:26:51
"11020101725","110201017257",Chirag Rajesh dabhi,National Health Card,Amreli,,,Documentation_Complete,2023-08-22 11:45:00,completed,2023-08-21,Submitted,2023-08-18,Yes,,2023-08-21,,,2023-08-18 13:26:51,2023-08-18 13:26:51
"11020101653","110201016534",Mohin Bhavesh Parmar,National Health Card,Amreli,,,Documentation_Complete,2023-08-22 11:43:48,completed,2023-08-21,Submitted,2023-08-18,Yes,,2023-08-21,,,2023-08-18 15:27:08,2023-08-18 15:27:08
"11020101653","110201016535",kuldip Bhavesh Parmar,National Health Card,Amreli,,,Documentation_Complete,2023-08-22 11:44:11,completed,2023-08-21,Submitted,2023-08-18,Yes,,2023-08-21,,,2023-08-18 15:27:08,2023-08-18 15:27:08
"11020101653","110201016536",Kajal ben bhaveshbhai Parmar,National Health Card,Amreli,,,Documentation_Complete,2023-08-22 11:44:17,completed,2023-08-21,Submitted,2023-08-18,Yes,,2023-08-21,,,2023-08-18 15:27:08,2023-08-18 15:27:08
"11020101719","110201017194",Umang Partap Bhai dungariya,National Health Card,Amreli,,,Documentation_Complete,2023-08-22 11:44:53,completed,2023-08-21,Submitted,2023-08-18,Yes,,2023-08-21,,,2023-08-18 15:27:08,2023-08-18 15:27:08
"5331692355970856","53316923559708561",Pradipbhai jayantibhai,National Health Card,Amreli,,,Documentation_Complete,2023-08-22 11:42:48,completed,2023-08-21,Submitted,2023-08-18,Yes,,2023-08-21,,,2023-08-18 17:15:06,2023-08-18 17:15:06
"5331692355970856","53316923559708562",tanish Pradip godoya,National Health Card,Amreli,,,Documentation_Complete,2023-08-22 11:42:54,completed,2023-08-21,Submitted,2023-08-18,Yes,,2023-08-21,,,2023-08-18 17:15:06,2023-08-18 17:15:06
"5331692355970856","53316923559708563",aayush Pradip godoya,National Health Card,Amreli,,,Documentation_Complete,2023-08-22 11:42:59,completed,2023-08-21,Submitted,2023-08-18,Yes,,2023-08-21,,,2023-08-18 17:15:06,2023-08-18 17:15:06
"5331692355970856","53316923559708564",Savita Ben Pradip godoya,National Health Card,Amreli,,,Documentation_Complete,2023-08-22 11:43:05,completed,2023-08-21,Submitted,2023-08-18,Yes,,2023-08-21,,,2023-08-18 17:15:06,2023-08-18 17:15:06
"5331692356854307","53316923568543071",dineshbhai nanjibhai Rathod,National Health Card,Amreli,,,Documentation_Complete,2023-08-22 11:43:37,completed,2023-08-21,Submitted,2023-08-18,Yes,,2023-08-21,,,2023-08-18 17:15:06,2023-08-18 17:15:06
"5331692356854307","53316923568543072",kiranben dineshbhai rathod,National Health Card,Amreli,,,Documentation_Complete,2023-08-22 11:43:32,completed,2023-08-21,Submitted,2023-08-18,Yes,,2023-08-21,,,2023-08-18 17:15:06,2023-08-18 17:15:06
"5331692356854307","53316923568543073",mira dineshbhai rathod,National Health Card,Amreli,,,Documentation_Complete,2023-08-22 11:43:27,completed,2023-08-21,Submitted,2023-08-18,Yes,,2023-08-21,,,2023-08-18 17:15:06,2023-08-18 17:15:06
"5331692356854307","53316923568543074",nitinbhai dineshbhai rathod,National Health Card,Amreli,,,Documentation_Complete,2023-08-22 11:43:22,completed,2023-08-21,Submitted,2023-08-18,Yes,,2023-08-21,,,2023-08-18 17:15:06,2023-08-18 17:15:06
"5331692419038309","53316924190383091",Mukeshbhai pratapbhai Solanki,National Health Card,Amreli,,,Documentation_Complete,2023-08-22 11:41:14,completed,2023-08-21,Submitted,2023-08-18,Yes,,2023-08-21,,,2023-08-19 10:20:47,2023-08-19 10:20:47
"5331692419038309","53316924190383092",Parulben Mukeshbhai Solanki,National Health Card,Amreli,,,Documentation_Complete,2023-08-22 11:41:34,completed,2023-08-21,Submitted,2023-08-18,Yes,,2023-08-21,,,2023-08-19 10:20:47,2023-08-19 10:20:47
"5331692419038309","53316924190383093",Parth Mukesh Solanki,National Health Card,Amreli,,,Documentation_Complete,2023-08-22 11:41:36,completed,2023-08-21,Submitted,2023-08-18,Yes,,2023-08-21,,,2023-08-19 10:20:47,2023-08-19 10:20:47
"5331692420088556","53316924200885561",Bhavesh Bhai Harshadrai Trivedi,National Health Card,Amreli,,,Documentation_Complete,2023-08-22 11:42:43,completed,2023-08-21,Submitted,2023-08-18,Yes,,2023-08-21,,,2023-08-19 10:20:47,2023-08-19 10:20:47
"5331692420088556","53316924200885562",dakshaben bhaveshbhai Trivedi,National Health Card,Amreli,,,Documentation_Complete,2023-08-22 11:41:42,completed,2023-08-21,Submitted,2023-08-18,Yes,,2023-08-21,,,2023-08-19 10:20:47,2023-08-19 10:20:47
"5331692420088556","53316924200885563",manishaben bhaveshbhai Trivedi,National Health Card,Amreli,,,Documentation_Complete,2023-08-22 11:42:15,completed,2023-08-21,Submitted,2023-08-18,Yes,,2023-08-21,,,2023-08-19 10:20:47,2023-08-19 10:20:47
"5331692420088556","53316924200885564",pratham bhaveshbhai Trivedi,National Health Card,Amreli,,,Documentation_Complete,2023-08-22 11:41:12,completed,2023-08-21,Submitted,2023-08-18,Yes,,2023-08-21,,,2023-08-19 10:20:47,2023-08-19 10:20:47
"5331691488152610","53316914881526101",rajvirsih pranavsih Bhandariya ,E Shram Card,Amreli,,,Documentation_Complete,2023-08-22 17:41:41,completed,2023-08-04,Submitted,2023-04-08,Yes,,2023-08-08,,,2023-08-22 17:16:00,2023-08-22 17:16:00
"11020101046","110201010464",dhandhukiya lakhamanbhai,Ayushman Bharat Card  PMJAY ,Amreli,,,Documentation_Complete,2023-08-22 17:24:54,completed,2023-08-04,Submitted,2023-08-04,Yes,,2023-08-08,,,2023-08-22 17:16:00,2023-08-22 17:16:00
"11020101046","110201010464",dhandhukiya lakhamanbhai,E Shram Card,Amreli,,,Documentation_Complete,2023-08-22 17:25:02,completed,2023-08-04,pending,2023-08-22,No,,,,,2023-08-22 17:16:00,2023-08-22 17:16:00
"11020101046","110201010465",dhandhukiya jaysukh bhai lakhamanbhai ,Ayushman Bharat Card  PMJAY ,Amreli,,,Documentation_Complete,2023-08-22 17:25:23,completed,2023-08-04,Submitted,2023-08-04,Yes,,2023-08-08,,,2023-08-22 17:16:00,2023-08-22 17:16:00
"11020101046","110201010465",dhandhukiya jaysukh bhai lakhamanbhai ,E Shram Card,Amreli,,,Documentation_Complete,2023-08-22 17:25:15,completed,2023-08-04,Submitted,2023-08-04,Yes,,2023-08-08,,,2023-08-22 17:16:00,2023-08-22 17:16:00
"5331692707035297","53316927070352971",hasmukhbhai girdharbhai badmaliya,National Health Card,Amreli,,,Documentation_Complete,2023-08-23 07:16:34,completed,2023-08-19,Submitted,2023-08-19,Yes,,2023-08-21,,,2023-08-22 18:31:03,2023-08-22 18:31:03
"5331692707035297","53316927070352972",badmaliya hemil hashmukhbhai,National Health Card,Amreli,,,Documentation_Complete,2023-08-23 07:16:31,completed,2023-08-19,Submitted,2023-08-19,Yes,,2023-08-21,,,2023-08-22 18:31:03,2023-08-22 18:31:03
"5331692707035297","53316927070352973",badmaliya meet hashmukhbhai ,National Health Card,Amreli,,,Documentation_Complete,2023-08-23 07:16:28,completed,2023-08-19,Submitted,2023-08-19,Yes,,2023-08-21,,,2023-08-22 18:31:03,2023-08-22 18:31:03
"5331692710986868","53316927109868681",chavada mayurbhai kalubhai,E Shram Card,Amreli,,,Documentation_Complete,2023-08-23 07:16:23,completed,2023-08-21,Submitted,2023-08-21,Yes,,2023-08-24,,,2023-08-22 19:03:15,2023-08-22 19:03:15
"5331692710986868","53316927109868681",chavada mayurbhai kalubhai,Ayushman Bharat Card  PMJAY ,Amreli,,,Documentation_Complete,2023-08-23 07:16:18,completed,2023-08-21,Submitted,2023-08-21,No,,,,,2023-08-22 19:03:15,2023-08-22 19:03:15
"5331692707035297","53316927070352974",parulben hashmukhbhai badmaliya ,National Health Card,Amreli,,,Documentation_Complete,2023-08-23 07:16:01,completed,2023-08-19,Submitted,2023-08-19,Yes,,2023-08-21,,,2023-08-22 19:05:33,2023-08-22 19:05:33
"5331692711490396","53316927114903961",baraiya hasamukhbhai parshotambhai,Ayushman Bharat Card  PMJAY ,Amreli,,,Documentation_Complete,2023-08-23 07:16:00,completed,2023-08-21,Submitted,2023-08-21,No,,,,,2023-08-22 19:23:08,2023-08-22 19:23:08
"5331692712239615","53316927122396151",dabhi rasila Ben karshanbhai,Ayushman Bharat Card  PMJAY ,Amreli,,,Documentation_Complete,2023-08-23 07:15:53,completed,2023-08-21,Submitted,2023-08-21,No,,,,,2023-08-22 19:23:08,2023-08-22 19:23:08
"5331692712772631","53316927127726312",degama Purvi Ben Vipul Bhai,Ayushman Bharat Card  PMJAY ,Amreli,,,Documentation_Complete,2023-08-23 07:15:49,completed,2023-08-21,Submitted,2023-08-21,No,,,,,2023-08-22 19:34:40,2023-08-22 19:34:40
"5331692712772631","53316927127726313",degama parisa vipulbhai,Ayushman Bharat Card  PMJAY ,Amreli,,,Documentation_Complete,2023-08-23 07:15:44,completed,2023-08-21,Submitted,2023-08-21,No,,,,,2023-08-22 21:40:09,2023-08-22 21:40:09
"5331692719560301","53316927195603011",dungariya arvindbhai maganbhai,Ayushman Bharat Card  PMJAY ,Amreli,,,Documentation_Complete,2023-08-23 07:15:28,completed,2023-08-21,Submitted,2023-08-21,No,,,,,2023-08-22 21:40:09,2023-08-22 21:40:09
"5331692719560301","53316927195603012",dungariya aaditi Ben umeshbhai,Ayushman Bharat Card  PMJAY ,Amreli,,,Documentation_Complete,2023-08-23 07:15:24,completed,2023-08-21,Submitted,2023-08-21,No,,,,,2023-08-22 21:40:09,2023-08-22 21:40:09
"5331692719560301","53316927195603013",dungariya urvashi umeshbhai,Ayushman Bharat Card  PMJAY ,Amreli,,,Documentation_Complete,2023-08-23 07:15:21,completed,2023-08-21,Submitted,2023-08-21,No,,,,,2023-08-22 21:40:09,2023-08-22 21:40:09
"5331692719560301","53316927195603014",dungariya umeshbhai maganbhai,Ayushman Bharat Card  PMJAY ,Amreli,,,Documentation_Complete,2023-08-23 07:15:17,completed,2023-08-21,Submitted,2023-08-21,No,,,,,2023-08-22 21:40:09,2023-08-22 21:40:09
"5331692719560301","53316927195603015",dungariya Sonal ben umeshbhai,Ayushman Bharat Card  PMJAY ,Amreli,,,Documentation_Complete,2023-08-23 07:15:13,completed,2023-08-21,Submitted,2023-08-21,No,,,,,2023-08-22 21:40:09,2023-08-22 21:40:09
"5331692728401798","53316927284017981",Tarad bhikhubhai khimanjao,E Shram Card,Amreli,,,Documentation_Complete,2023-08-23 07:14:07,completed,2023-08-21,Submitted,2023-08-21,Yes,,2023-08-24,,,2023-08-23 02:58:45,2023-08-23 02:58:45
"5331692728401798","53316927284017981",Tarad bhikhubhai khimanjao,Ayushman Bharat Card  PMJAY ,Amreli,,,Documentation_Complete,2023-08-23 07:14:09,completed,2023-08-21,Submitted,2023-08-21,No,,,,,2023-08-23 02:58:45,2023-08-23 02:58:45
"5331692739535470","53316927395354701",dungariya shilpe Sureshbhai,E Shram Card,Amreli,,,Documentation_Complete,2023-08-23 07:14:12,completed,2023-08-21,Submitted,2023-08-21,Yes,,2023-08-24,,,2023-08-23 02:58:45,2023-08-23 02:58:45
"5331692740183743","53316927401837431",degama dayaben hareshbhai,E Shram Card,Amreli,,,Documentation_Complete,2023-08-23 07:13:39,completed,2023-08-21,Submitted,2023-08-21,Yes,,2023-08-24,,,2023-08-23 04:43:58,2023-08-23 04:43:58
"5331692740183743","53316927401837431",degama dayaben hareshbhai,Ayushman Bharat Card  PMJAY ,Amreli,,,Documentation_Complete,2023-08-23 07:13:47,completed,2023-08-21,Submitted,2023-08-21,No,,,,,2023-08-23 04:43:58,2023-08-23 04:43:58
"5331692740948443","53316927409484431",Solanki Ashok mandanbhai,E Shram Card,Amreli,,,Documentation_Complete,2023-08-23 07:14:15,completed,2023-08-21,Submitted,2023-08-21,Yes,,2023-08-24,,,2023-08-23 04:43:58,2023-08-23 04:43:58
"5331692740948443","53316927409484431",Solanki Ashok mandanbhai,Ayushman Bharat Card  PMJAY ,Amreli,,,Documentation_Complete,2023-08-23 07:14:19,completed,2023-08-21,Submitted,2023-08-21,No,,,,,2023-08-23 04:43:58,2023-08-23 04:43:58
"5331692740948443","53316927409484432",Solanki Vishal Ashokbhai,E Shram Card,Amreli,,,Documentation_Complete,2023-08-23 07:13:55,completed,2023-08-21,Submitted,2023-08-21,Yes,,2023-08-24,,,2023-08-23 04:43:58,2023-08-23 04:43:58
"5331692740948443","53316927409484432",Solanki Vishal Ashokbhai,Ayushman Bharat Card  PMJAY ,Amreli,,,Documentation_Complete,2023-08-23 07:14:59,completed,2023-08-21,Submitted,2023-08-21,No,,,,,2023-08-23 04:43:58,2023-08-23 04:43:58
"5331692739535470","53316927395354701",dungariya shilpe Sureshbhai,Ayushman Bharat Card  PMJAY ,Amreli,,,Documentation_Complete,2023-08-23 07:14:58,completed,2023-08-21,Submitted,2023-08-21,No,,,,,2023-08-23 04:43:58,2023-08-23 04:43:58
"5331692744701666","53316927447016662",dungariya Dhaval Pratap Bhai,Ayushman Bharat Card  PMJAY ,Amreli,,,Documentation_Complete,2023-08-23 07:14:54,completed,2023-08-21,Submitted,2023-08-21,No,,,,,2023-08-23 04:43:58,2023-08-23 04:43:58
"5331692739535470","53316927395354702",dungariya Vishal dineshbhai,Ayushman Bharat Card  PMJAY ,Amreli,,,Documentation_Complete,2023-08-23 07:14:54,completed,2023-08-21,Submitted,2023-08-21,No,,,,,2023-08-23 04:43:58,2023-08-23 04:43:58
"5331692739535470","53316927395354703",dungariya bhumi Sureshbhai,Ayushman Bharat Card  PMJAY ,Amreli,,,Documentation_Complete,2023-08-23 07:14:33,completed,2023-08-21,Submitted,2023-08-21,No,,,,,2023-08-23 04:43:58,2023-08-23 04:43:58
"5331692739535470","53316927395354704",dungariya jenisha Ben dineshbhai,Ayushman Bharat Card  PMJAY ,Amreli,,,Documentation_Complete,2023-08-23 07:14:31,completed,2023-08-21,Submitted,2023-08-21,No,,,,,2023-08-23 04:43:58,2023-08-23 04:43:58
"5331692744701666","53316927447016661",dungariya pratap bhai maganbhai,Ayushman Bharat Card  PMJAY ,Amreli,,,Documentation_Complete,2023-08-23 07:13:34,completed,2023-08-21,Submitted,2023-08-21,No,,,,,2023-08-23 04:43:58,2023-08-23 04:43:58
"11020101836","110201018364",urviben Mahendrabhai Agravat ,National Health Card,Amreli,,,Documentation_Complete,2023-08-23 23:54:44,completed,2023-08-19,Submitted,2023-08-19,Yes,,2023-08-22,,,2023-08-23 18:10:03,2023-08-23 18:10:03
"5331692812291784","53316928122917841",makvana jitendra bhai rameshbhai,National Health Card,Amreli,,,Documentation_Complete,2023-08-23 23:54:23,completed,2023-08-19,Submitted,2023-08-19,Yes,,2023-08-22,,,2023-08-23 23:32:37,2023-08-23 23:32:37
"5331692812291784","53316928122917842",makavana Tamiya jitendra bhai,National Health Card,Amreli,,,Documentation_Complete,2023-08-23 23:53:27,completed,2023-08-19,Submitted,2023-08-19,Yes,,2023-08-22,,,2023-08-23 23:32:37,2023-08-23 23:32:37
"5331692812291784","53316928122917843",makvana kirtan jitendrabhai,National Health Card,Amreli,,,Documentation_Complete,2023-08-23 23:53:22,completed,2023-08-19,Submitted,2023-08-19,Yes,,2023-08-22,,,2023-08-23 23:32:37,2023-08-23 23:32:37
"5331692812291784","53316928122917844",makvana nitaben jitendrabhai,National Health Card,Amreli,,,Documentation_Complete,2023-08-23 23:53:15,completed,2023-08-19,Submitted,2023-08-19,Yes,,2023-08-22,,,2023-08-23 23:32:37,2023-08-23 23:32:37
"5331692812291784","53316928122917845",makvana vedehi jitendrabhai,National Health Card,Amreli,,,Documentation_Complete,2023-08-23 23:53:05,completed,2023-08-19,Submitted,2023-08-19,Yes,,2023-08-22,,,2023-08-23 23:32:37,2023-08-23 23:32:37
"5331692814381530","53316928143815301",kubavat alpesh kandasbhai,National Health Card,Amreli,,,Documentation_Complete,2023-08-23 23:52:55,completed,2023-08-19,Submitted,2023-08-19,Yes,,2023-08-22,,,2023-08-23 23:48:01,2023-08-23 23:48:01
"5331692812552545","53316928125525451",tulshibhai gulumal sukhavani,National Health Card,Amreli,,,Documentation_Complete,2023-08-24 00:06:30,completed,2023-08-19,Submitted,2023-08-19,Yes,,2023-08-22,,,2023-08-24 00:05:41,2023-08-24 00:05:41
"5331692812552545","53316928125525452",visniben tulshibhai sukhavani,National Health Card,Amreli,,,Documentation_Complete,2023-08-24 00:07:11,completed,2023-08-19,Submitted,2023-08-19,Yes,,2023-08-22,,,2023-08-24 00:05:41,2023-08-24 00:05:41
"5331692812552545","53316928125525453",nirajbhai tulshibhai sukhavani,National Health Card,Amreli,,,Documentation_Complete,2023-08-24 00:07:15,completed,2023-08-19,Submitted,2023-08-19,Yes,,2023-08-22,,,2023-08-24 00:05:41,2023-08-24 00:05:41
"11020101556","110201015564",mahendrbhai jayantibhai Vaghela,National Health Card,Amreli,,,Documentation_Complete,2023-08-24 00:07:19,completed,2023-08-19,Submitted,2023-08-19,Yes,,2023-08-22,,,2023-08-24 00:05:41,2023-08-24 00:05:41
"11020101556","110201015565",dharaben mahendrbhai Vaghela,National Health Card,Amreli,,,Documentation_Complete,2023-08-24 00:07:31,completed,2023-08-19,Submitted,2023-08-19,Yes,,2023-08-22,,,2023-08-24 00:05:41,2023-08-24 00:05:41
"11020101556","110201015566",lilaben jayantibhai Vaghela,National Health Card,Amreli,,,Documentation_Complete,2023-08-24 00:08:12,completed,2023-08-19,Submitted,2023-08-19,Yes,,2023-08-22,,,2023-08-24 00:05:41,2023-08-24 00:05:41
"5331692814507480","53316928145074801",manubhai jivabhai tarad,National Health Card,Amreli,,,Documentation_Complete,2023-08-24 00:06:47,completed,2023-08-19,Submitted,2023-08-19,Yes,,2023-08-22,,,2023-08-24 00:05:41,2023-08-24 00:05:41
"5331692814507480","53316928145074802",lakhiben nanubhai tarad,National Health Card,Amreli,,,Documentation_Complete,2023-08-24 00:06:43,completed,2023-08-19,Submitted,2023-08-19,Yes,,2023-08-22,,,2023-08-24 00:05:41,2023-08-24 00:05:41
"5331692814507480","53316928145074803",niraliben nanubhai tarad,National Health Card,Amreli,,,Documentation_Complete,2023-08-24 00:06:37,completed,2023-08-19,Submitted,2023-08-19,Yes,,2023-08-22,,,2023-08-24 00:05:41,2023-08-24 00:05:41
"5331692814507480","53316928145074805",Hardik nanubhai tarad,National Health Card,Amreli,,,Documentation_Complete,2023-08-24 00:08:17,completed,2023-08-19,Submitted,2023-08-19,Yes,,2023-08-22,,,2023-08-24 00:05:41,2023-08-24 00:05:41
