age,card_disbursement_status,card_score,caste,hh_id,hh_income,mobile,name,qr_code,social_eco_status,social_status,state,village
"11020101499",Altabh Bhai Hasan Bhai Solanki,,apl,0,apl,,"47,001 to 1,19,999",general,gujarat,40,9638960111,Amreli
"11020101783",Chandresh Parshotam Nandha,,apl,0,apl,,"47,001 to 1,19,999",general,gujarat,32,9409522521,Amreli
"11020101005",Chandreshbhai Kantilal Zaveri,,apl,0,apl,,"47,001 to 1,19,999",general,gujarat,43,,Amreli
"11020101915",Dineshbhai Nanjibhai Kalena,,apl,0,apl,,"47,001 to 1,19,999",general,gujarat,44,9624427931,Amreli
"11020101521",Ghanshyam Kanubhai Chiroya,,apl,0,apl,,"47,001 to 1,19,999",general,gujarat,42,9067328036,Amreli
"5331689329861429",uday vipul bhai parmar,5331689329969450,APL,0,,,"Less than 1,20,000",obc,gujarat,20,,Amreli
"5331689764545413",Dafada Pravinbhai Ranabhai,5331689764599765,APL,0,,,"Less than 1,20,000",sc,gujarat,38,,Amreli
"5331689859208038",dafada Pravin bhai ranabhai,5331689859374547,APL,0,,,"",,gujarat,39,,Amreli
"5331689859425444",dafada Pravin Bhai Rana bhai,5331689859518076,APL,0,,,"Less than 1,20,000",sc,gujarat,39,,Amreli
"5331689859913077",dafada PravinBhai Ranabhai,5331689859971416,APL,0,,,"Less than 1,20,000",sc,gujarat,39,,Amreli
"5331689861970695",makavana Maheshbhai parshotambhai,5331689862006729,APL,0,,,"Less than 1,20,000",obc,gujarat,36,,Amreli
"5331689862539125",makavana Maheshbhai parshotambhai,5331689862567781,APL,0,,,"Less than 1,20,000",obc,gujarat,36,,Amreli
"5331689867257537",godaliya Manishbhai Dhirubhai,5331689867431988,APL,0,,,"Less than 1,20,000",obc,gujarat,39,,Amreli
"5331689868343058",Mukesh bhai meghajibhai bagada,5331689868467863,BPL,0,,0_20,"Less than 1,20,000",sc,gujarat,37,,Amreli
"5331689869769289",Vaghela vipulbhai,5331689869852307,APL,0,,,"",,gujarat,34,,Amreli
"5331690292781292",Bhesara manojbhai babubhai,5331690292920148,APL,0,,,"",,gujarat,40,,Amreli
"5331690292945188",bhensara manojbhai babubhai,5331690292994608,APL,0,,,"Less than 1,20,000",obc,gujarat,40,,Amreli
"5331690293527245",dhadhukiya chandubhai jivrajbhai,5331690293661024,APL,0,,,"Less than 1,20,000",obc,gujarat,57,,Amreli
"5331690375100143",sumara altafbhai hasambhai,5331690375237256,APL,0,,,"Less than 1,20,000",obc,gujarat,49,,Amreli
"5331690339015044",Ghoghari Altafbhai ismalbhai,5331690339101896,APL,0,,,"Less than 1,20,000",obc,gujarat,44,,Amreli
"5331690459454126",gohil kanabhai gabhabhai,5331690459538435,APL,0,,,"Less than 1,20,000",obc,gujarat,43,,Amreli
"5331690550213043",dabasara manishbhai,5331690550290426,APL,0,,,"Less than 1,20,000",obc,gujarat,39,,Amreli
"5331690551309822",rajeshbhai bhikhabhai dabasara,5331690551385596,APL,0,,,"Less than 1,20,000",obc,gujarat,40,,Amreli
"5331690625340473",bagada mukeshbhai meghajibhai,5331690625472726,APL,0,,,"Less than 1,20,000",sc,gujarat,39,,Amreli
"5331690799773134",gohil manishbhai amrabhai,5331690799954670,APL,0,,,"Less than 1,20,000",obc,gujarat,45,,Amreli
"5331690800853945",neishadh prabhudasbhai chouhan,5331690801034233,BPL,0,,0_20,"Less than 1,20,000",obc,gujarat,46,,Amreli
"5331690801480051",gohil rajeshbhai kantibhai,5331690801688271,APL,0,,,"Less than 1,20,000",obc,gujarat,45,,Amreli
"5331690804543105",borisa  hiteshkumar manubhai,5331690804843725,BPL,0,,0_20,"Less than 1,20,000",sc,gujarat,45,,Amreli
"5331690805884081",deepak vinodbhai pandya,5331690806023014,APL,0,,,"",,gujarat,52,,Amreli
"5331690806083659",deepakbhai vinodbhai ,5331690806185873,APL,0,,,"Less than 1,20,000",general,gujarat,52,,Amreli
"5331690634938608",pansala soniyaben amitabhai,5331690635122630,APL,0,,,"Less than 1,20,000",obc,gujarat,35,,Amreli
"5331690794637583",shailesh balubhai viradiya,5331690794905216,APL,0,,,"Less than 1,20,000",obc,gujarat,48,,Amreli
"5331690811293454",manubhai hirjibhai vanani,5331690811350718,APL,0,,,"",,gujarat,74,,Amreli
"5331690811362464",manubhai hirjibhai vanani,5331690811428666,APL,0,,,"Less than 1,20,000",obc,gujarat,74,,Amreli
"5331690812488664",Rameshbhai najabhai makavana,5331690812982549,APL,0,,,"Less than 1,20,000",obc,gujarat,48,,Amreli
"5331690813564922",Tushar bhai Vasantrai dholakiya,5331690814246821,APL,0,,,"Less than 1,20,000",obc,gujarat,43,,Amreli
"5331690868984431",solanki jatinbhai manshukhbhai,5331690869457699,APL,0,,,"Less than 1,20,000",sc,gujarat,45,,Amreli
"5331690871943038",bagada Mukesh Bhai dalabhai,5331690872089030,BPL,0,,0_20,"Less than 1,20,000",sc,gujarat,42,,Amreli
"5331690873173796",parmar sharadchand devjibhai,5331690873341549,APL,0,,,"Less than 1,20,000",obc,gujarat,56,,Amreli
"5331690874295894",Bhatt narendrabhai mansukhbhai,5331690874411632,APL,0,,,"Less than 1,20,000",general,gujarat,48,,Amreli
"5331690880694500",harshad bhai nanjibhai jethava,5331690880819385,APL,0,,,"Less than 1,20,000",obc,gujarat,46,,Amreli
"5331690881991243",kundnani rajeshbhai chandubhai,5331690882202146,APL,0,,,"Less than 1,20,000",general,gujarat,48,,Amreli
"5331690882965712",Bhatt arvindbhai mansukhbhai,5331690883094958,APL,0,,,"Less than 1,20,000",general,gujarat,50,,Amreli
"5331690886075195",makavana manhar jadavbhai,5331690886241148,APL,0,,,"Less than 1,20,000",obc,gujarat,35,,Amreli
"5331690976157494",ghoghari dhanjibhai vallbhbhai ,5331690976338576,APL,0,,,"Less than 1,20,000",obc,gujarat,48,,Amreli
"5331691045928682",godaliya Baldevbhai tulshibhai,5331691046131596,APL,0,,,"",,gujarat,36,,Amreli
"5331691066776467",godaliya Baldevbhai tulshibhai,5331691067158753,APL,0,,,"Less than 1,20,000",obc,gujarat,36,,Amreli
"5331691070975399",dholakiya karshanbhai mandanbhai,5331691071256663,APL,0,,,"Less than 1,20,000",obc,gujarat,74,,Amreli
"5331691072567613",erfanbhai harubhai nagani,5331691072742076,APL,0,,,"Less than 1,20,000",general,gujarat,46,,Amreli
"5331691471596553",lodariya Dinesh gobarbhai,5331691471670492,APL - 1,0,,,"Less than 1,20,000",obc,gujarat,42,,Amreli
"5331691488152610",rajvirsih pranavsih Bhandariya ,5331691488431145,APL - 1,0,,,"Less than 1,20,000",general,gujarat,37,,Amreli
"5331691487068594",kalena vipulbhai mangbhai,5331691487130091,APL - 1,0,,,"Less than 1,20,000",general,gujarat,44,,Amreli
"5331691573466801",hirenbhai tarunbhai borisa,5331691573601970,APL - 1,0,,,"Less than 1,20,000",sc,gujarat,37,,Amreli
"5331691575250733",Vipul meghjibhai dabhi,5331691575315421,APL - 1,0,,,"Less than 1,20,000",obc,gujarat,30,,Amreli
"5331691576068283",santush nareshbhai tamatta,5331691576190107,APL - 1,0,,,"",,gujarat,29,,Amreli
"5331691576201722",santush nareshbhai tamatta,5331691576242962,APL - 1,0,,,"Less than 1,20,000",obc,gujarat,29,,Amreli
"5331691577152394",Rajeshbhai parbatbhai chodvadiy,5331691577421475,APL - 1,0,,,"Less than 1,20,000",obc,gujarat,43,,Amreli
"5331691601119425",dineshbhai nanjibhai Rathod,5331691601189408,APL - 1,0,,,"Less than 1,20,000",obc,gujarat,55,,Amreli
"5331691606588448",sanjaybhai ramanikbhai Parmar,5331691606646335,APL - 1,0,,,"Less than 1,20,000",sc,gujarat,40,,Amreli
"5331691635517905",Nareshbhai Hira Bhai Chouhan,5331691635950741,APL - 1,0,,,"Less than 1,20,000",sc,gujarat,41,,Amreli
"5331691637168074",Vijay Bhai natavarlala bhadigji,5331691637261340,APL - 1,0,,,"Less than 1,20,000",sc,gujarat,44,,Amreli
"5331691637935845",Sureshbhai naranbhai Parmar,5331691638263689,APL - 1,0,,,"Less than 1,20,000",sc,gujarat,40,,Amreli
"5331691642815265",Vipul Bhai dhanji Bhai dabhi,5331691642929539,APL - 1,0,,,"Less than 1,20,000",obc,gujarat,42,,Amreli
"5331691654544860",gunvant Vallabh Bhai kalena,5331691654687007,APL - 1,0,,,"Less than 1,20,000",obc,gujarat,41,,Amreli
"5331691655632731",aminbhai shilubhai dal,5331691655807038,APL - 1,0,,,"Less than 1,20,000",obc,gujarat,42,,Amreli
"5331691657551333",Gohil jentibhai ratnabhai,5331691657669009,APL - 1,0,,,"Less than 1,20,000",obc,gujarat,48,,Amreli
"5331691674367253",ghanshyam bhai devjibhai kanak,5331691674441891,APL - 1,0,,,"Less than 1,20,000",obc,gujarat,40,,Amreli
"5331691827798975",kanak ghanshyam bhai devjibhai,5331691827996351,APL - 1,0,,,"Less than 1,20,000",obc,gujarat,40,,Amreli
"5331691828573083",godaliya Manishbhai Raghuram bhai,5331691828654978,APL - 1,0,,,"Less than 1,20,000",obc,gujarat,40,,Amreli
"5331691829302176",laljibhai Babubhai Sarvaiya,5331691829364516,APL - 1,0,,,"Less than 1,20,000",obc,gujarat,48,,Amreli
"5331691830770583",pokal Arvind Vallabh Bhai,5331691830855935,APL - 1,0,,,"Less than 1,20,000",obc,gujarat,54,,Amreli
"5331691832354765",khokhar Bharat Bhai mansukhbhai,5331691832543661,APL - 1,0,,,"Less than 1,20,000",obc,gujarat,42,,Amreli
"5331691979214449",kalena Bhavesh Bhai manubhai,5331691979352390,APL - 1,0,,,"Less than 1,20,000",obc,gujarat,35,,Amreli
"5331692153648923",Parmar jethasur bhai meghjibhai,5331692153752683,APL - 1,0,,,"",,gujarat,38,,Amreli
"5331692153849576",jethasur bhai meghjibhai Parmar,5331692153905091,APL - 1,0,,,"Less than 1,20,000",obc,gujarat,38,,Amreli
"5331692155934833",savitaben Vallabh Bhai hirapara,5331692155974418,APL - 1,0,,,"Less than 1,20,000",general,gujarat,60,,Amreli
"5331692174460296",rakeshbhai maganbhai Rathod,5331692174525734,APL - 1,0,,,"Less than 1,20,000",obc,gujarat,36,,Amreli
"5331692175037281",manishaben bharatbhai makavana,5331692175177849,APL - 1,0,,,"Less than 1,20,000",obc,gujarat,30,,Amreli
"5331692252059454",bhesaniya govtambhai Dhirubhai,5331692252143134,APL - 1,0,,,"Less than 1,20,000",obc,gujarat,36,,Amreli
"5331692252719175",soneji nitaben umeshbhai,5331692252761450,APL - 1,0,,,"Less than 1,20,000",obc,gujarat,50,,Amreli
"5331692355970856",Pradipbhai jayantibhai,5331692356060157,APL - 1,0,,,"Less than 1,20,000",obc,gujarat,47,,Amreli
"5331692356854307",dineshbhai nanjibhai Rathod,5331692356900183,APL - 1,0,,,"Less than 1,20,000",obc,gujarat,43,,Amreli
"5331692419038309",Mukeshbhai pratapbhai Solanki,5331692419119545,APL - 1,0,,,"Less than 1,20,000",obc,gujarat,42,,Amreli
"5331692420088556",Bhavesh Bhai Harshadrai Trivedi,5331692420159849,APL - 1,0,,,"Less than 1,20,000",obc,gujarat,50,,Amreli
"5331692707035297",hasmukhbhai girdharbhai badmaliya,5331692707339840,APL,0,,,"Less than 1,20,000",obc,gujarat,46,,Amreli
"5331692710986868",chavada mayurbhai kalubhai,5331692711027030,APL - 1,0,,,"Less than 1,20,000",obc,gujarat,24,,Amreli
"5331692711490396",baraiya hasamukhbhai parshotambhai,5331692711683676,APL - 1,0,,,"Less than 1,20,000",obc,gujarat,38,,Amreli
"5331692712239615",dabhi rasila Ben karshanbhai,5331692712288027,APL - 1,0,,,"Less than 1,20,000",obc,gujarat,47,,Amreli
"5331692712772631",degama Vipul Bhai parshotambhai,5331692712865437,BPL,0,,,"",,gujarat,45,,Amreli
"5331692719560301",dungariya arvindbhai maganbhai,5331692719629625,APL - 1,0,,0_20,"Less than 1,20,000",obc,gujarat,38,,Amreli
"5331692728401798",Tarad bhikhubhai khimanjao,5331692728472180,APL,0,,,"Less than 1,20,000",obc,gujarat,35,,Amreli
"5331692739535470",dungariya shilpe Sureshbhai,5331692739629798,APL - 1,0,,,"Less than 1,20,000",obc,gujarat,37,,Amreli
"5331692740183743",degama dayaben hareshbhai,5331692740244001,APL - 1,0,,,"Less than 1,20,000",obc,gujarat,39,,Amreli
"5331692740948443",Solanki Ashok mandanbhai,5331692741015765,APL - 1,0,,,"Less than 1,20,000",obc,gujarat,48,,Amreli
"5331692744701666",dungariya pratap bhai maganbhai,5331692744767186,APL - 1,0,,,"Less than 1,20,000",obc,gujarat,48,,Amreli
"5331692812291784",makvana jitendra bhai rameshbhai,5331692812443491,APL,0,,,"Less than 1,20,000",obc,gujarat,38,,Amreli
"5331692814381530",kubavat alpesh kandasbhai,5331692814513719,APL,0,,,"Less than 1,20,000",obc,gujarat,38,,Amreli
"5331692812552545",tulshibhai gulumal sukhavani,5331692812688318,APL - 1,0,,,"Less than 1,20,000",general,gujarat,43,,Amreli
"5331692814507480",manubhai jivabhai tarad,5331692814581131,APL - 1,0,,,"Less than 1,20,000",obc,gujarat,46,,Amreli
